Assembly	Organism	Best_HSP_identity	Best_HSP_length	Weighted_identity_ge90	Query_coverage_ge90	Best_contig
GCF_001676275.1	Photobacterium phosphoreum	100.0	16000	99.88911630628965	100.0	NZ_LZFG01000058.1
GCF_036040135.1	Photobacterium toruni	99.513	16001	99.43178971442701	100.0	NZ_JAYXUF010000024.1
GCF_059749375.1	Photobacterium phosphoreum	91.969	7322	92.04711618900075	47.24375	NZ_JCAYQE010000085.1
GCF_001676195.1	Photobacterium phosphoreum	91.972	7324	91.98867953154112	46.86875	NZ_LZFF01000006.1
GCF_003025855.1	Photobacterium phosphoreum	91.997	7322	92.01305165069222	46.86875	NZ_PYMZ01000003.1
GCF_059761525.1	Photobacterium phosphoreum	91.997	7322	92.07554320169626	46.7	NZ_JCAYPR010000002.1
GCF_965119175.1	Photobacterium phosphoreum	91.997	7322	92.03873684210525	46.69375	NZ_CBCPKF010000009.1
GCF_059761445.1	Photobacterium phosphoreum	91.997	7322	92.05210379374833	46.69375	NZ_JCAYPN010000002.1
GCF_021236705.1	Photobacterium phosphoreum	91.942	7322	91.99617357028326	46.68125	NZ_WMCX01000006.1
GCF_021237045.1	Photobacterium phosphoreum	91.956	7322	91.98314350614645	46.68125	NZ_NQLU01000001.1
GCF_021236685.1	Photobacterium phosphoreum	91.983	7322	92.03017491048932	46.68125	NZ_WMCW01000011.1
GCF_021237025.1	Photobacterium phosphoreum	91.969	7322	91.99586210582575	46.68125	NZ_NQLT01000002.1
GCF_059761705.1	Photobacterium phosphoreum	91.928	7322	91.96910609299839	46.68125	NZ_JCAYQA010000007.1
GCF_059761545.1	Photobacterium phosphoreum	92.014	7275	92.07556218124755	46.4	NZ_JCAYPS010000009.1
GCF_949787665.1	Photobacterium phosphoreum	91.928	7322	91.99906782768103	46.3375	NZ_OX460910.1
GCF_965118505.1	Photobacterium phosphoreum	91.983	7322	92.01555890669181	46.3375	NZ_CBCPHZ010000011.1
GCF_965118525.1	Photobacterium phosphoreum	91.969	7322	91.99377230483272	46.3375	NZ_CBCPIA010000002.1
GCF_003025775.1	Photobacterium phosphoreum	90.494	5607	92.01196963972474	46.24375	NZ_PYMS01000002.1
GCF_059761485.1	Photobacterium phosphoreum	91.983	7322	92.05399054054054	46.16875	NZ_JCAYPP010000002.1
GCF_001676135.1	Photobacterium phosphoreum	91.969	7322	91.99038175904593	46.025	NZ_LZFE01000067.1
GCF_003026615.1	Photobacterium phosphoreum	91.983	7322	92.00427361431089	46.025	NZ_PYND01000002.1
GCF_059749295.1	Photobacterium phosphoreum	92.531	6922	92.57515870825284	44.19375	NZ_JCAYQD010000015.1
GCF_059761645.1	Photobacterium phosphoreum	91.211	5302	92.60941576506956	43.99375	NZ_JCAYPX010000160.1
GCF_059761565.1	Photobacterium phosphoreum	92.943	6717	92.94299999999998	41.91875	NZ_JCAYPT010000013.1
GCF_059761725.1	Photobacterium phosphoreum	93.882	5917	93.88904417137164	37.59375	NZ_JCAYQB010000021.1
GCF_059761745.1	Photobacterium phosphoreum	94.592	5492	94.5862594246918	34.9375	NZ_JCAYQC010000009.1
GCF_003026545.1	Photobacterium phosphoreum	94.882	5432	94.87069785082174	34.575	NZ_PYMV01000018.1
GCF_003025815.1	Photobacterium phosphoreum	93.856	3646	94.80628527328852	34.3875	NZ_PYMY01000076.1
GCF_059761625.1	Photobacterium phosphoreum	95.185	5275	95.19745259775041	33.94375	NZ_JCAYPW010000139.1
GCF_003025795.1	Photobacterium phosphoreum	95.204	5275	95.1674842007435	33.6	NZ_PYMX01000013.1
GCF_059761605.1	Photobacterium phosphoreum	93.74	3642	94.74698166189111	32.6875	NZ_JCAYPV010000234.1
GCF_003025875.1	Photobacterium phosphoreum	86.903	3703	91.57886842105263	1.1875	NZ_PYNA01000114.1
GCF_021236805.1	Photobacterium carnosum	88.936	7357	91.429	0.65625	NZ_WMDD01000008.1
GCF_000613045.3	Photobacterium kishitanii	89.183	7368		0.0	NZ_LN794353.1
GCF_003025935.1	Photobacterium kishitanii	89.289	5994		0.0	NZ_PYNG01000075.1
GCF_003025995.1	Photobacterium kishitanii	89.073	7376		0.0	NZ_PYNM01000007.1
