Assembly_1	Organism_1	Assembly_2	Organism_2	Identity_pct	Comparable_sites
GCF_000613045.3	Photobacterium kishitanii	GCF_001676135.1	Photobacterium phosphoreum	94.28571428571429	770
GCF_000613045.3	Photobacterium kishitanii	GCF_001676195.1	Photobacterium phosphoreum	94.41558441558442	770
GCF_000613045.3	Photobacterium kishitanii	GCF_001676275.1	Photobacterium phosphoreum	90.58823529411765	680
GCF_000613045.3	Photobacterium kishitanii	GCF_003025775.1	Photobacterium phosphoreum	94.28571428571429	770
GCF_000613045.3	Photobacterium kishitanii	GCF_003025795.1	Photobacterium phosphoreum	94.41558441558442	770
GCF_000613045.3	Photobacterium kishitanii	GCF_003025815.1	Photobacterium phosphoreum	94.10994764397905	764
GCF_000613045.3	Photobacterium kishitanii	GCF_003025855.1	Photobacterium phosphoreum	94.41558441558442	770
GCF_000613045.3	Photobacterium kishitanii	GCF_003025875.1	Photobacterium phosphoreum	90.06535947712419	765
GCF_000613045.3	Photobacterium kishitanii	GCF_003026545.1	Photobacterium phosphoreum	94.41558441558442	770
GCF_000613045.3	Photobacterium kishitanii	GCF_003026615.1	Photobacterium phosphoreum	94.28571428571429	770
GCF_000613045.3	Photobacterium kishitanii	GCF_021236685.1	Photobacterium phosphoreum	94.41558441558442	770
GCF_000613045.3	Photobacterium kishitanii	GCF_021236705.1	Photobacterium phosphoreum	94.28571428571429	770
GCF_000613045.3	Photobacterium kishitanii	GCF_021236805.1	Photobacterium carnosum	94.29312581063554	771
GCF_000613045.3	Photobacterium kishitanii	GCF_021237025.1	Photobacterium phosphoreum	94.41558441558442	770
GCF_000613045.3	Photobacterium kishitanii	GCF_021237045.1	Photobacterium phosphoreum	94.41558441558442	770
GCF_000613045.3	Photobacterium kishitanii	GCF_036040135.1	Photobacterium toruni	93.62808842652795	769
GCF_000613045.3	Photobacterium kishitanii	GCF_059749295.1	Photobacterium phosphoreum	94.28571428571429	770
GCF_000613045.3	Photobacterium kishitanii	GCF_059749375.1	Photobacterium phosphoreum	94.41558441558442	770
GCF_000613045.3	Photobacterium kishitanii	GCF_059761445.1	Photobacterium phosphoreum	94.28571428571429	770
GCF_000613045.3	Photobacterium kishitanii	GCF_059761485.1	Photobacterium phosphoreum	94.28571428571429	770
GCF_000613045.3	Photobacterium kishitanii	GCF_059761525.1	Photobacterium phosphoreum	94.28571428571429	770
GCF_000613045.3	Photobacterium kishitanii	GCF_059761545.1	Photobacterium phosphoreum	94.15584415584415	770
GCF_000613045.3	Photobacterium kishitanii	GCF_059761565.1	Photobacterium phosphoreum	94.41558441558442	770
GCF_000613045.3	Photobacterium kishitanii	GCF_059761605.1	Photobacterium phosphoreum	94.12550066755674	749
GCF_000613045.3	Photobacterium kishitanii	GCF_059761625.1	Photobacterium phosphoreum	94.41558441558442	770
GCF_000613045.3	Photobacterium kishitanii	GCF_059761645.1	Photobacterium phosphoreum	94.41558441558442	770
GCF_000613045.3	Photobacterium kishitanii	GCF_059761705.1	Photobacterium phosphoreum	94.28571428571429	770
GCF_000613045.3	Photobacterium kishitanii	GCF_059761725.1	Photobacterium phosphoreum	94.28571428571429	770
GCF_000613045.3	Photobacterium kishitanii	GCF_059761745.1	Photobacterium phosphoreum	94.28571428571429	770
GCF_000613045.3	Photobacterium kishitanii	GCF_949787665.1	Photobacterium phosphoreum	94.28571428571429	770
GCF_000613045.3	Photobacterium kishitanii	GCF_965118505.1	Photobacterium phosphoreum	94.28571428571429	770
GCF_000613045.3	Photobacterium kishitanii	GCF_965118525.1	Photobacterium phosphoreum	94.28571428571429	770
GCF_000613045.3	Photobacterium kishitanii	GCF_965119175.1	Photobacterium phosphoreum	94.28571428571429	770
GCF_001676135.1	Photobacterium phosphoreum	GCF_003025935.1	Photobacterium kishitanii	94.02597402597402	770
GCF_001676135.1	Photobacterium phosphoreum	GCF_003025995.1	Photobacterium kishitanii	94.28571428571429	770
GCF_001676135.1	Photobacterium phosphoreum	GCF_021236805.1	Photobacterium carnosum	97.01298701298701	770
GCF_001676135.1	Photobacterium phosphoreum	GCF_036040135.1	Photobacterium toruni	97.6592977893368	769
GCF_001676195.1	Photobacterium phosphoreum	GCF_003025935.1	Photobacterium kishitanii	94.15584415584415	770
GCF_001676195.1	Photobacterium phosphoreum	GCF_003025995.1	Photobacterium kishitanii	94.41558441558442	770
GCF_001676195.1	Photobacterium phosphoreum	GCF_021236805.1	Photobacterium carnosum	97.14285714285714	770
GCF_001676195.1	Photobacterium phosphoreum	GCF_036040135.1	Photobacterium toruni	97.7893368010403	769
GCF_001676275.1	Photobacterium phosphoreum	GCF_003025935.1	Photobacterium kishitanii	90.58823529411765	680
GCF_001676275.1	Photobacterium phosphoreum	GCF_003025995.1	Photobacterium kishitanii	90.58823529411765	680
GCF_001676275.1	Photobacterium phosphoreum	GCF_021236805.1	Photobacterium carnosum	92.20588235294117	680
GCF_001676275.1	Photobacterium phosphoreum	GCF_036040135.1	Photobacterium toruni	97.05882352941177	680
GCF_003025775.1	Photobacterium phosphoreum	GCF_003025935.1	Photobacterium kishitanii	94.02597402597402	770
GCF_003025775.1	Photobacterium phosphoreum	GCF_003025995.1	Photobacterium kishitanii	94.28571428571429	770
GCF_003025775.1	Photobacterium phosphoreum	GCF_021236805.1	Photobacterium carnosum	97.01298701298701	770
GCF_003025775.1	Photobacterium phosphoreum	GCF_036040135.1	Photobacterium toruni	97.6592977893368	769
GCF_003025795.1	Photobacterium phosphoreum	GCF_003025935.1	Photobacterium kishitanii	94.15584415584415	770
GCF_003025795.1	Photobacterium phosphoreum	GCF_003025995.1	Photobacterium kishitanii	94.41558441558442	770
GCF_003025795.1	Photobacterium phosphoreum	GCF_021236805.1	Photobacterium carnosum	97.14285714285714	770
GCF_003025795.1	Photobacterium phosphoreum	GCF_036040135.1	Photobacterium toruni	97.7893368010403	769
GCF_003025815.1	Photobacterium phosphoreum	GCF_003025935.1	Photobacterium kishitanii	93.84816753926701	764
GCF_003025815.1	Photobacterium phosphoreum	GCF_003025995.1	Photobacterium kishitanii	94.10994764397905	764
GCF_003025815.1	Photobacterium phosphoreum	GCF_021236805.1	Photobacterium carnosum	96.8586387434555	764
GCF_003025815.1	Photobacterium phosphoreum	GCF_036040135.1	Photobacterium toruni	97.50982961992136	763
GCF_003025855.1	Photobacterium phosphoreum	GCF_003025935.1	Photobacterium kishitanii	94.15584415584415	770
GCF_003025855.1	Photobacterium phosphoreum	GCF_003025995.1	Photobacterium kishitanii	94.41558441558442	770
GCF_003025855.1	Photobacterium phosphoreum	GCF_021236805.1	Photobacterium carnosum	97.14285714285714	770
GCF_003025855.1	Photobacterium phosphoreum	GCF_036040135.1	Photobacterium toruni	97.7893368010403	769
GCF_003025875.1	Photobacterium phosphoreum	GCF_003025935.1	Photobacterium kishitanii	89.80392156862744	765
GCF_003025875.1	Photobacterium phosphoreum	GCF_003025995.1	Photobacterium kishitanii	90.06535947712419	765
GCF_003025875.1	Photobacterium phosphoreum	GCF_021236805.1	Photobacterium carnosum	89.01960784313725	765
GCF_003025875.1	Photobacterium phosphoreum	GCF_036040135.1	Photobacterium toruni	88.20445609436435	763
GCF_003025935.1	Photobacterium kishitanii	GCF_003026545.1	Photobacterium phosphoreum	94.15584415584415	770
GCF_003025935.1	Photobacterium kishitanii	GCF_003026615.1	Photobacterium phosphoreum	94.02597402597402	770
GCF_003025935.1	Photobacterium kishitanii	GCF_021236685.1	Photobacterium phosphoreum	94.15584415584415	770
GCF_003025935.1	Photobacterium kishitanii	GCF_021236705.1	Photobacterium phosphoreum	94.02597402597402	770
GCF_003025935.1	Photobacterium kishitanii	GCF_021236805.1	Photobacterium carnosum	94.0337224383917	771
GCF_003025935.1	Photobacterium kishitanii	GCF_021237025.1	Photobacterium phosphoreum	94.15584415584415	770
GCF_003025935.1	Photobacterium kishitanii	GCF_021237045.1	Photobacterium phosphoreum	94.15584415584415	770
GCF_003025935.1	Photobacterium kishitanii	GCF_036040135.1	Photobacterium toruni	93.36801040312093	769
GCF_003025935.1	Photobacterium kishitanii	GCF_059749295.1	Photobacterium phosphoreum	94.02597402597402	770
GCF_003025935.1	Photobacterium kishitanii	GCF_059749375.1	Photobacterium phosphoreum	94.15584415584415	770
GCF_003025935.1	Photobacterium kishitanii	GCF_059761445.1	Photobacterium phosphoreum	94.02597402597402	770
GCF_003025935.1	Photobacterium kishitanii	GCF_059761485.1	Photobacterium phosphoreum	94.02597402597402	770
GCF_003025935.1	Photobacterium kishitanii	GCF_059761525.1	Photobacterium phosphoreum	94.02597402597402	770
GCF_003025935.1	Photobacterium kishitanii	GCF_059761545.1	Photobacterium phosphoreum	93.8961038961039	770
GCF_003025935.1	Photobacterium kishitanii	GCF_059761565.1	Photobacterium phosphoreum	94.15584415584415	770
GCF_003025935.1	Photobacterium kishitanii	GCF_059761605.1	Photobacterium phosphoreum	93.8584779706275	749
GCF_003025935.1	Photobacterium kishitanii	GCF_059761625.1	Photobacterium phosphoreum	94.15584415584415	770
GCF_003025935.1	Photobacterium kishitanii	GCF_059761645.1	Photobacterium phosphoreum	94.15584415584415	770
GCF_003025935.1	Photobacterium kishitanii	GCF_059761705.1	Photobacterium phosphoreum	94.02597402597402	770
GCF_003025935.1	Photobacterium kishitanii	GCF_059761725.1	Photobacterium phosphoreum	94.02597402597402	770
GCF_003025935.1	Photobacterium kishitanii	GCF_059761745.1	Photobacterium phosphoreum	94.02597402597402	770
GCF_003025935.1	Photobacterium kishitanii	GCF_949787665.1	Photobacterium phosphoreum	94.02597402597402	770
GCF_003025935.1	Photobacterium kishitanii	GCF_965118505.1	Photobacterium phosphoreum	94.02597402597402	770
GCF_003025935.1	Photobacterium kishitanii	GCF_965118525.1	Photobacterium phosphoreum	94.02597402597402	770
GCF_003025935.1	Photobacterium kishitanii	GCF_965119175.1	Photobacterium phosphoreum	94.02597402597402	770
GCF_003025995.1	Photobacterium kishitanii	GCF_003026545.1	Photobacterium phosphoreum	94.41558441558442	770
GCF_003025995.1	Photobacterium kishitanii	GCF_003026615.1	Photobacterium phosphoreum	94.28571428571429	770
GCF_003025995.1	Photobacterium kishitanii	GCF_021236685.1	Photobacterium phosphoreum	94.41558441558442	770
GCF_003025995.1	Photobacterium kishitanii	GCF_021236705.1	Photobacterium phosphoreum	94.28571428571429	770
GCF_003025995.1	Photobacterium kishitanii	GCF_021236805.1	Photobacterium carnosum	94.29312581063554	771
GCF_003025995.1	Photobacterium kishitanii	GCF_021237025.1	Photobacterium phosphoreum	94.41558441558442	770
GCF_003025995.1	Photobacterium kishitanii	GCF_021237045.1	Photobacterium phosphoreum	94.41558441558442	770
GCF_003025995.1	Photobacterium kishitanii	GCF_036040135.1	Photobacterium toruni	93.62808842652795	769
GCF_003025995.1	Photobacterium kishitanii	GCF_059749295.1	Photobacterium phosphoreum	94.28571428571429	770
GCF_003025995.1	Photobacterium kishitanii	GCF_059749375.1	Photobacterium phosphoreum	94.41558441558442	770
GCF_003025995.1	Photobacterium kishitanii	GCF_059761445.1	Photobacterium phosphoreum	94.28571428571429	770
GCF_003025995.1	Photobacterium kishitanii	GCF_059761485.1	Photobacterium phosphoreum	94.28571428571429	770
GCF_003025995.1	Photobacterium kishitanii	GCF_059761525.1	Photobacterium phosphoreum	94.28571428571429	770
GCF_003025995.1	Photobacterium kishitanii	GCF_059761545.1	Photobacterium phosphoreum	94.15584415584415	770
GCF_003025995.1	Photobacterium kishitanii	GCF_059761565.1	Photobacterium phosphoreum	94.41558441558442	770
GCF_003025995.1	Photobacterium kishitanii	GCF_059761605.1	Photobacterium phosphoreum	94.12550066755674	749
GCF_003025995.1	Photobacterium kishitanii	GCF_059761625.1	Photobacterium phosphoreum	94.41558441558442	770
GCF_003025995.1	Photobacterium kishitanii	GCF_059761645.1	Photobacterium phosphoreum	94.41558441558442	770
GCF_003025995.1	Photobacterium kishitanii	GCF_059761705.1	Photobacterium phosphoreum	94.28571428571429	770
GCF_003025995.1	Photobacterium kishitanii	GCF_059761725.1	Photobacterium phosphoreum	94.28571428571429	770
GCF_003025995.1	Photobacterium kishitanii	GCF_059761745.1	Photobacterium phosphoreum	94.28571428571429	770
GCF_003025995.1	Photobacterium kishitanii	GCF_949787665.1	Photobacterium phosphoreum	94.28571428571429	770
GCF_003025995.1	Photobacterium kishitanii	GCF_965118505.1	Photobacterium phosphoreum	94.28571428571429	770
GCF_003025995.1	Photobacterium kishitanii	GCF_965118525.1	Photobacterium phosphoreum	94.28571428571429	770
GCF_003025995.1	Photobacterium kishitanii	GCF_965119175.1	Photobacterium phosphoreum	94.28571428571429	770
GCF_003026545.1	Photobacterium phosphoreum	GCF_021236805.1	Photobacterium carnosum	97.14285714285714	770
GCF_003026545.1	Photobacterium phosphoreum	GCF_036040135.1	Photobacterium toruni	97.7893368010403	769
GCF_003026615.1	Photobacterium phosphoreum	GCF_021236805.1	Photobacterium carnosum	97.01298701298701	770
GCF_003026615.1	Photobacterium phosphoreum	GCF_036040135.1	Photobacterium toruni	97.6592977893368	769
GCF_021236685.1	Photobacterium phosphoreum	GCF_021236805.1	Photobacterium carnosum	97.14285714285714	770
GCF_021236685.1	Photobacterium phosphoreum	GCF_036040135.1	Photobacterium toruni	97.7893368010403	769
GCF_021236705.1	Photobacterium phosphoreum	GCF_021236805.1	Photobacterium carnosum	97.01298701298701	770
GCF_021236705.1	Photobacterium phosphoreum	GCF_036040135.1	Photobacterium toruni	97.6592977893368	769
GCF_021236805.1	Photobacterium carnosum	GCF_021237025.1	Photobacterium phosphoreum	97.14285714285714	770
GCF_021236805.1	Photobacterium carnosum	GCF_021237045.1	Photobacterium phosphoreum	97.14285714285714	770
GCF_021236805.1	Photobacterium carnosum	GCF_036040135.1	Photobacterium toruni	95.57867360208063	769
GCF_021236805.1	Photobacterium carnosum	GCF_059749295.1	Photobacterium phosphoreum	97.01298701298701	770
GCF_021236805.1	Photobacterium carnosum	GCF_059749375.1	Photobacterium phosphoreum	97.14285714285714	770
GCF_021236805.1	Photobacterium carnosum	GCF_059761445.1	Photobacterium phosphoreum	97.01298701298701	770
GCF_021236805.1	Photobacterium carnosum	GCF_059761485.1	Photobacterium phosphoreum	97.01298701298701	770
GCF_021236805.1	Photobacterium carnosum	GCF_059761525.1	Photobacterium phosphoreum	97.01298701298701	770
GCF_021236805.1	Photobacterium carnosum	GCF_059761545.1	Photobacterium phosphoreum	96.88311688311688	770
GCF_021236805.1	Photobacterium carnosum	GCF_059761565.1	Photobacterium phosphoreum	97.14285714285714	770
GCF_021236805.1	Photobacterium carnosum	GCF_059761605.1	Photobacterium phosphoreum	97.06275033377837	749
GCF_021236805.1	Photobacterium carnosum	GCF_059761625.1	Photobacterium phosphoreum	97.14285714285714	770
GCF_021236805.1	Photobacterium carnosum	GCF_059761645.1	Photobacterium phosphoreum	97.14285714285714	770
GCF_021236805.1	Photobacterium carnosum	GCF_059761705.1	Photobacterium phosphoreum	97.01298701298701	770
GCF_021236805.1	Photobacterium carnosum	GCF_059761725.1	Photobacterium phosphoreum	97.01298701298701	770
GCF_021236805.1	Photobacterium carnosum	GCF_059761745.1	Photobacterium phosphoreum	97.01298701298701	770
GCF_021236805.1	Photobacterium carnosum	GCF_949787665.1	Photobacterium phosphoreum	97.01298701298701	770
GCF_021236805.1	Photobacterium carnosum	GCF_965118505.1	Photobacterium phosphoreum	97.01298701298701	770
GCF_021236805.1	Photobacterium carnosum	GCF_965118525.1	Photobacterium phosphoreum	97.01298701298701	770
GCF_021236805.1	Photobacterium carnosum	GCF_965119175.1	Photobacterium phosphoreum	97.01298701298701	770
GCF_021237025.1	Photobacterium phosphoreum	GCF_036040135.1	Photobacterium toruni	97.7893368010403	769
GCF_021237045.1	Photobacterium phosphoreum	GCF_036040135.1	Photobacterium toruni	97.7893368010403	769
GCF_036040135.1	Photobacterium toruni	GCF_059749295.1	Photobacterium phosphoreum	97.6592977893368	769
GCF_036040135.1	Photobacterium toruni	GCF_059749375.1	Photobacterium phosphoreum	97.7893368010403	769
GCF_036040135.1	Photobacterium toruni	GCF_059761445.1	Photobacterium phosphoreum	97.6592977893368	769
GCF_036040135.1	Photobacterium toruni	GCF_059761485.1	Photobacterium phosphoreum	97.6592977893368	769
GCF_036040135.1	Photobacterium toruni	GCF_059761525.1	Photobacterium phosphoreum	97.6592977893368	769
GCF_036040135.1	Photobacterium toruni	GCF_059761545.1	Photobacterium phosphoreum	97.52925877763329	769
GCF_036040135.1	Photobacterium toruni	GCF_059761565.1	Photobacterium phosphoreum	97.7893368010403	769
GCF_036040135.1	Photobacterium toruni	GCF_059761605.1	Photobacterium phosphoreum	97.59358288770053	748
GCF_036040135.1	Photobacterium toruni	GCF_059761625.1	Photobacterium phosphoreum	97.7893368010403	769
GCF_036040135.1	Photobacterium toruni	GCF_059761645.1	Photobacterium phosphoreum	97.7893368010403	769
GCF_036040135.1	Photobacterium toruni	GCF_059761705.1	Photobacterium phosphoreum	97.6592977893368	769
GCF_036040135.1	Photobacterium toruni	GCF_059761725.1	Photobacterium phosphoreum	97.6592977893368	769
GCF_036040135.1	Photobacterium toruni	GCF_059761745.1	Photobacterium phosphoreum	97.6592977893368	769
GCF_036040135.1	Photobacterium toruni	GCF_949787665.1	Photobacterium phosphoreum	97.6592977893368	769
GCF_036040135.1	Photobacterium toruni	GCF_965118505.1	Photobacterium phosphoreum	97.6592977893368	769
GCF_036040135.1	Photobacterium toruni	GCF_965118525.1	Photobacterium phosphoreum	97.6592977893368	769
GCF_036040135.1	Photobacterium toruni	GCF_965119175.1	Photobacterium phosphoreum	97.6592977893368	769
