Assembly	Organism	Strain	Best_HSP_identity	Best_HSP_length	Weighted_identity_ge90	Query_coverage_ge90	Best_contig
GCF_001676275.1	Photobacterium phosphoreum	FS3_1	100.0	16000	99.889	100.0	NZ_LZFG01000058.1
GCF_036040135.1	Photobacterium toruni	S2MW2	99.513	16001	99.432	100.0	NZ_JAYXUF010000024.1
GCF_059749375.1	Photobacterium phosphoreum		91.969	7322	92.047	47.24	NZ_JCAYQE010000085.1
GCF_003025855.1	Photobacterium phosphoreum	FS-1.1	91.997	7322	92.013	46.87	NZ_PYMZ01000003.1
GCF_001676195.1	Photobacterium phosphoreum	FS1_1	91.972	7324	91.989	46.87	NZ_LZFF01000006.1
GCF_059761525.1	Photobacterium phosphoreum		91.997	7322	92.076	46.7	NZ_JCAYPR010000002.1
GCF_059761445.1	Photobacterium phosphoreum		91.997	7322	92.052	46.69	NZ_JCAYPN010000002.1
GCF_965119175.1	Photobacterium phosphoreum	MIP2569	91.997	7322	92.039	46.69	NZ_CBCPKF010000009.1
GCF_021236685.1	Photobacterium phosphoreum	TMW2.2130	91.983	7322	92.03	46.68	NZ_WMCW01000011.1
GCF_021236705.1	Photobacterium phosphoreum	TMW2.2126	91.942	7322	91.996	46.68	NZ_WMCX01000006.1
GCF_021237025.1	Photobacterium phosphoreum	TMW22033	91.969	7322	91.996	46.68	NZ_NQLT01000002.1
GCF_021237045.1	Photobacterium phosphoreum	TMW22034	91.956	7322	91.983	46.68	NZ_NQLU01000001.1
GCF_059761705.1	Photobacterium phosphoreum		91.928	7322	91.969	46.68	NZ_JCAYQA010000007.1
GCF_059761545.1	Photobacterium phosphoreum		92.014	7275	92.076	46.4	NZ_JCAYPS010000009.1
GCF_965118505.1	Photobacterium phosphoreum	SF1731	91.983	7322	92.016	46.34	NZ_CBCPHZ010000011.1
GCF_949787665.1	Photobacterium phosphoreum	MIP2473	91.928	7322	91.999	46.34	NZ_OX460910.1
GCF_965118525.1	Photobacterium phosphoreum	SF661-B	91.969	7322	91.994	46.34	NZ_CBCPIA010000002.1
GCF_003025775.1	Photobacterium phosphoreum	FS-4.2	90.494	5607	92.012	46.24	NZ_PYMS01000002.1
GCF_059761485.1	Photobacterium phosphoreum		91.983	7322	92.054	46.17	NZ_JCAYPP010000002.1
GCF_003026615.1	Photobacterium phosphoreum	AK-3	91.983	7322	92.004	46.02	NZ_PYND01000002.1
GCF_001676135.1	Photobacterium phosphoreum	AK-3	91.969	7322	91.99	46.02	NZ_LZFE01000067.1
GCF_059749295.1	Photobacterium phosphoreum		92.531	6922	92.575	44.19	NZ_JCAYQD010000015.1
GCF_059761645.1	Photobacterium phosphoreum		91.211	5302	92.609	43.99	NZ_JCAYPX010000160.1
GCF_059761565.1	Photobacterium phosphoreum		92.943	6717	92.943	41.92	NZ_JCAYPT010000013.1
GCF_059761725.1	Photobacterium phosphoreum		93.882	5917	93.889	37.59	NZ_JCAYQB010000021.1
GCF_059761745.1	Photobacterium phosphoreum		94.592	5492	94.586	34.94	NZ_JCAYQC010000009.1
GCF_003026545.1	Photobacterium phosphoreum	FS-2.3	94.882	5432	94.871	34.58	NZ_PYMV01000018.1
GCF_003025815.1	Photobacterium phosphoreum	FS-1.2	93.856	3646	94.806	34.39	NZ_PYMY01000076.1
GCF_059761625.1	Photobacterium phosphoreum		95.185	5275	95.197	33.94	NZ_JCAYPW010000139.1
GCF_003025795.1	Photobacterium phosphoreum	FS-2.1	95.204	5275	95.167	33.6	NZ_PYMX01000013.1
GCF_059761605.1	Photobacterium phosphoreum		93.74	3642	94.747	32.69	NZ_JCAYPV010000234.1
GCF_003025875.1	Photobacterium phosphoreum	AK-8	86.903	3703	91.579	1.19	NZ_PYNA01000114.1
GCF_021236805.1	Photobacterium carnosum	TMW2.2187	88.936	7357	91.429	0.66	NZ_WMDD01000008.1
GCF_000613045.3	Photobacterium kishitanii	ANT-2200	89.183	7368	0.0	0.0	NZ_LN794353.1
GCF_003025935.1	Photobacterium kishitanii	FS-7.1	89.289	5994	0.0	0.0	NZ_PYNG01000075.1
GCF_003025995.1	Photobacterium kishitanii	Og61	89.073	7376	0.0	0.0	NZ_PYNM01000007.1
