Taxon_Group	Total	HDC_ONLY	HDC2_ONLY	BOTH	NEITHER
Other Photobacterium	53	1	1	0	51
P. angustum	28	16	0	0	12
P. aquimaris	9	5	0	0	4
P. carnosum	21	0	1	0	20
P. damselae	56	26	0	0	30
P. damselae subsp. damselae	52	24	0	0	28
P. damselae subsp. piscicida	14	1	0	0	13
P. iliopiscarium	18	0	0	0	18
P. kishitanii	24	21	0	3	0
P. leiognathi	10	0	0	0	10
P. leiognathi subsp. mandapamensis	108	0	0	0	108
P. phosphoreum	60	0	31	0	29
P. piscicola	14	0	0	0	14
P. swingsii	8	0	0	0	8
Photobacterium sp.	22	1	0	0	21
