Taxon_Group	Total	HDC_ONLY_n	HDC_ONLY_pct	HDC2_ONLY_n	HDC2_ONLY_pct	BOTH_n	BOTH_pct	NEITHER_n	NEITHER_pct	Any_HDC_n	Any_HDC_pct	Any_HDC2_n	Any_HDC2_pct
Other Photobacterium	53	1	1.89	1	1.89	0	0.0	51	96.23	1	1.89	1	1.89
P. angustum	28	16	57.14	0	0.0	0	0.0	12	42.86	16	57.14	0	0.0
P. aquimaris	9	5	55.56	0	0.0	0	0.0	4	44.44	5	55.56	0	0.0
P. carnosum	21	0	0.0	1	4.76	0	0.0	20	95.24	0	0.0	1	4.76
P. damselae	56	26	46.43	0	0.0	0	0.0	30	53.57	26	46.43	0	0.0
P. damselae subsp. damselae	52	24	46.15	0	0.0	0	0.0	28	53.85	24	46.15	0	0.0
P. damselae subsp. piscicida	14	1	7.14	0	0.0	0	0.0	13	92.86	1	7.14	0	0.0
P. iliopiscarium	18	0	0.0	0	0.0	0	0.0	18	100.0	0	0.0	0	0.0
P. kishitanii	24	21	87.5	0	0.0	3	12.5	0	0.0	24	100.0	3	12.5
P. leiognathi	10	0	0.0	0	0.0	0	0.0	10	100.0	0	0.0	0	0.0
P. leiognathi subsp. mandapamensis	108	0	0.0	0	0.0	0	0.0	108	100.0	0	0.0	0	0.0
P. phosphoreum	60	0	0.0	31	51.67	0	0.0	29	48.33	0	0.0	31	51.67
P. piscicola	14	0	0.0	0	0.0	0	0.0	14	100.0	0	0.0	0	0.0
P. swingsii	8	0	0.0	0	0.0	0	0.0	8	100.0	0	0.0	0	0.0
Photobacterium sp.	22	1	4.55	0	0.0	0	0.0	21	95.45	1	4.55	0	0.0
