System	Assembly	Contig	Start	End	Strand	Locus_tag	Protein_ID	Product	Is_target
HDC2	GCF_001676135.1	NZ_LZFE01000067.1	42326	43183	-	AYY24_RS18635	WP_065193851.1	class A beta-lactamase	NO
HDC2	GCF_001676135.1	NZ_LZFE01000067.1	44384	45223	-	AYY24_RS18665	WP_065193852.1	hypothetical protein	NO
HDC2	GCF_001676135.1	NZ_LZFE01000067.1	45225	46655	-	AYY24_RS18670	WP_065193853.1	AAA family ATPase	NO
HDC2	GCF_001676135.1	NZ_LZFE01000067.1	46731	46901	-	AYY24_RS21490	WP_162270875.1	hypothetical protein	NO
HDC2	GCF_001676135.1	NZ_LZFE01000067.1	46870	47061	-	AYY24_RS21230		integrase core domain-containing protein	NO
HDC2	GCF_001676135.1	NZ_LZFE01000067.1	47301	48680	-	AYY24_RS18680	WP_065193855.1	C4-dicarboxylate transporter DcuC	NO
HDC2	GCF_001676135.1	NZ_LZFE01000067.1	49223	50599	+	AYY24_RS18685	WP_065193856.1	HisS family protein	NO
HDC2	GCF_001676135.1	NZ_LZFE01000067.1	50574	50987	+	AYY24_RS18690	WP_065193857.1	hypothetical protein	NO
HDC2	GCF_001676135.1	NZ_LZFE01000067.1	51040	52296	-	AYY24_RS18695	WP_065193858.1	histidine--tRNA ligase	NO
HDC2	GCF_001676135.1	NZ_LZFE01000067.1	52403	54715	-	AYY24_RS18700	WP_065193859.1	Orn/Lys/Arg family decarboxylase	YES
HDC2	GCF_001676135.1	NZ_LZFE01000067.1	54919	56277	-	AYY24_RS18705	WP_065193860.1	amino acid permease	NO
HDC2	GCF_001676135.1	NZ_LZFE01000067.1	56732	58456	+	AYY24_RS18710	WP_065193861.1	class I SAM-dependent methyltransferase	NO
HDC2	GCF_001676135.1	NZ_LZFE01000067.1	58776	61805	+	AYY24_RS18715	WP_082968134.1	M66 family metalloprotease	NO
HDC2	GCF_001676135.1	NZ_LZFE01000067.1	62074	62943	+	AYY24_RS18720	WP_105026961.1	glycerol kinase	NO
HDC2	GCF_001676135.1	NZ_LZFE01000067.1	63052	63369	-	AYY24_RS18725	WP_045028217.1	hypothetical protein	NO
HDC2	GCF_001676135.1	NZ_LZFE01000067.1	63529	64509	-	AYY24_RS18730	WP_065193862.1	oxygen-dependent tRNA uridine(34) hydroxylase TrhO	NO
