System	Analysis	Strong_Split_ID	SH_aLRT	UFBoot	Species_tree_status	Smaller_split_size	Smaller_split_accessions
Conventional_HDC	PRIMARY_ARCHIVED	1	90.9	98.0	DISCORDANT	3	GCF_003004585.1,GCF_003130755.1,GCF_056675655.1
Conventional_HDC	PRIMARY_ARCHIVED	2	89.7	96.0	CONCORDANT	7	GCF_001676065.1,GCF_001676075.1,GCF_003025625.1,GCF_003026515.1,GCF_900185565.1,GCF_900185625.1,GCF_900537155.1
Conventional_HDC	PRIMARY_ARCHIVED	3	98.6	100.0	CONCORDANT	16	GCF_000950025.1,GCF_000950085.1,GCF_000950155.1,GCF_000950185.1,GCF_000950215.1,GCF_000950225.1,GCF_003026335.1,GCF_003026835.1,GCF_003026895.1,GCF_003026905.1,GCF_003026935.1,GCF_003026955.1,GCF_003026995.1,GCF_003027015.1,GCF_003027075.1,GCF_003027095.1
Conventional_HDC	PRIMARY_ARCHIVED	4	100.0	100.0	CONCORDANT	47	GCF_000613045.3,GCF_000949965.1,GCF_000950025.1,GCF_000950075.1,GCF_000950085.1,GCF_000950095.1,GCF_000950135.1,GCF_000950155.1,GCF_000950185.1,GCF_000950215.1,GCF_000950225.1,GCF_000950335.1,GCF_001455895.1,GCF_001676065.1,GCF_001676075.1,GCF_001676215.1,GCF_001676235.1,GCF_003025535.1,GCF_003025625.1,GCF_003025895.1,GCF_003025935.1,GCF_003025945.1,GCF_003025975.1,GCF_003025995.1,GCF_003026335.1,GCF_003026355.1,GCF_003026515.1,GCF_003026635.1,GCF_003026655.1,GCF_003026675.1,GCF_003026835.1,GCF_003026895.1,GCF_003026905.1,GCF_003026935.1,GCF_003026955.1,GCF_003026975.1,GCF_003026995.1,GCF_003027015.1,GCF_003027035.1,GCF_003027055.1,GCF_003027075.1,GCF_003027095.1,GCF_003027115.1,GCF_030716765.1,GCF_900185565.1,GCF_900185625.1,GCF_900537155.1
Conventional_HDC	SEEDED_RECONSTRUCTION	1	92.6	97.0	DISCORDANT	3	GCF_003004585.1,GCF_003130755.1,GCF_056675655.1
Conventional_HDC	SEEDED_RECONSTRUCTION	2	97.9	100.0	CONCORDANT	16	GCF_000950025.1,GCF_000950085.1,GCF_000950155.1,GCF_000950185.1,GCF_000950215.1,GCF_000950225.1,GCF_003026335.1,GCF_003026835.1,GCF_003026895.1,GCF_003026905.1,GCF_003026935.1,GCF_003026955.1,GCF_003026995.1,GCF_003027015.1,GCF_003027075.1,GCF_003027095.1
Conventional_HDC	SEEDED_RECONSTRUCTION	3	100.0	100.0	CONCORDANT	47	GCF_000613045.3,GCF_000949965.1,GCF_000950025.1,GCF_000950075.1,GCF_000950085.1,GCF_000950095.1,GCF_000950135.1,GCF_000950155.1,GCF_000950185.1,GCF_000950215.1,GCF_000950225.1,GCF_000950335.1,GCF_001455895.1,GCF_001676065.1,GCF_001676075.1,GCF_001676215.1,GCF_001676235.1,GCF_003025535.1,GCF_003025625.1,GCF_003025895.1,GCF_003025935.1,GCF_003025945.1,GCF_003025975.1,GCF_003025995.1,GCF_003026335.1,GCF_003026355.1,GCF_003026515.1,GCF_003026635.1,GCF_003026655.1,GCF_003026675.1,GCF_003026835.1,GCF_003026895.1,GCF_003026905.1,GCF_003026935.1,GCF_003026955.1,GCF_003026975.1,GCF_003026995.1,GCF_003027015.1,GCF_003027035.1,GCF_003027055.1,GCF_003027075.1,GCF_003027095.1,GCF_003027115.1,GCF_030716765.1,GCF_900185565.1,GCF_900185625.1,GCF_900537155.1
HDC2	PRIMARY_ARCHIVED	1	100.0	100.0	DISCORDANT	2	GCF_001676275.1,GCF_036040135.1
HDC2	PRIMARY_ARCHIVED	2	99.1	100.0	CONCORDANT	3	GCF_000613045.3,GCF_003025935.1,GCF_003025995.1
HDC2	PRIMARY_ARCHIVED	3	99.0	100.0	DISCORDANT	4	GCF_000613045.3,GCF_003025875.1,GCF_003025935.1,GCF_003025995.1
HDC2	PRIMARY_ARCHIVED	4	95.5	97.0	DISCORDANT	5	GCF_000613045.3,GCF_003025875.1,GCF_003025935.1,GCF_003025995.1,GCF_021236805.1
HDC2	SEEDED_RECONSTRUCTION	1	100.0	100.0	DISCORDANT	2	GCF_001676275.1,GCF_036040135.1
HDC2	SEEDED_RECONSTRUCTION	2	98.9	100.0	CONCORDANT	3	GCF_000613045.3,GCF_003025935.1,GCF_003025995.1
HDC2	SEEDED_RECONSTRUCTION	3	99.1	100.0	DISCORDANT	4	GCF_000613045.3,GCF_003025875.1,GCF_003025935.1,GCF_003025995.1
HDC2	SEEDED_RECONSTRUCTION	4	94.6	96.0	DISCORDANT	5	GCF_000613045.3,GCF_003025875.1,GCF_003025935.1,GCF_003025995.1,GCF_021236805.1
