Taxon_Group	HDC_System	Observed	Expected	Adjusted_Standardized_Residual	Abs_Residual
P. phosphoreum	HDC2_ONLY	31	3.9839034205231387	14.939115307947548	14.939115307947548
P. kishitanii	HDC_ONLY	21	4.5875251509054324	8.733687256394639	8.733687256394639
P. kishitanii	NEITHER	0	17.67404426559356	-8.393790775148817	8.393790775148817
P. kishitanii	BOTH	3	0.1448692152917505	7.712590920336268	7.712590920336268
P. leiognathi subsp. mandapamensis	NEITHER	108	79.53319919517102	7.027654085969359	7.027654085969359
P. leiognathi subsp. mandapamensis	HDC_ONLY	0	20.643863179074447	-5.710367351099484	5.710367351099484
P. damselae	HDC_ONLY	26	10.704225352112676	5.518460295451009	5.518460295451009
P. angustum	HDC_ONLY	16	5.352112676056338	5.268145530413215	5.268145530413215
P. damselae subsp. damselae	HDC_ONLY	24	9.939637826961771	5.24052243038659	5.24052243038659
P. phosphoreum	NEITHER	29	44.185110663983906	-4.745259968167868	4.745259968167868
P. phosphoreum	HDC_ONLY	0	11.46881287726358	-4.015705701086887	4.015705701086887
Other Photobacterium	NEITHER	51	39.030181086519114	3.948358267137649	3.948358267137649
P. angustum	NEITHER	12	20.619718309859156	-3.806151132143331	3.806151132143331
P. damselae	NEITHER	30	41.23943661971831	-3.619008698564935	3.619008698564935
P. damselae subsp. damselae	NEITHER	28	38.29376257545272	-3.4241348698815446	3.4241348698815446
Other Photobacterium	HDC_ONLY	1	10.130784708249497	-3.374725373794456	3.374725373794456
P. leiognathi subsp. mandapamensis	HDC2_ONLY	0	7.17102615694165	-3.132659923323223	3.132659923323223
P. aquimaris	HDC_ONLY	5	1.7203219315895373	2.8058199825357857	2.8058199825357857
P. iliopiscarium	NEITHER	18	13.25553319919517	2.585483647634731	2.585483647634731
Photobacterium sp.	NEITHER	21	16.201207243460765	2.3753753316347592	2.3753753316347592
P. carnosum	NEITHER	20	15.464788732394366	2.295317626699114	2.295317626699114
P. carnosum	HDC_ONLY	0	4.014084507042254	-2.2763190948542107	2.2763190948542107
P. piscicola	NEITHER	14	10.309859154929578	2.2707208722078716	2.2707208722078716
P. damselae	HDC2_ONLY	0	3.7183098591549295	-2.118609389936341	2.118609389936341
P. iliopiscarium	HDC_ONLY	0	3.4406438631790746	-2.1008520379128037	2.1008520379128037
P. damselae subsp. damselae	HDC2_ONLY	0	3.4527162977867203	-2.0323469045252103	2.0323469045252103
P. aquimaris	NEITHER	4	6.627766599597585	-2.0063838114916828	2.0063838114916828
P. leiognathi	NEITHER	10	7.364185110663984	1.9112118033677397	1.9112118033677397
P. piscicola	HDC_ONLY	0	2.676056338028169	-1.8450894385942764	1.8450894385942764
Photobacterium sp.	HDC_ONLY	1	4.20523138832998	-1.777710328832503	1.777710328832503
P. swingsii	NEITHER	8	5.8913480885311875	1.7059404360177746	1.7059404360177746
P. damselae subsp. piscicida	NEITHER	13	10.309859154929578	1.6553728495866544	1.6553728495866544
P. leiognathi	HDC_ONLY	0	1.9114688128772637	-1.5529679391557198	1.5529679391557198
Other Photobacterium	HDC2_ONLY	1	3.5191146881287727	-1.4704055834877827	1.4704055834877827
P. angustum	HDC2_ONLY	0	1.8591549295774648	-1.452676022855867	1.452676022855867
P. swingsii	HDC_ONLY	0	1.529175050301811	-1.3861733161006347	1.3861733161006347
P. kishitanii	HDC2_ONLY	0	1.5935613682092555	-1.339217835374591	1.339217835374591
Photobacterium sp.	HDC2_ONLY	0	1.460764587525151	-1.2795012356298143	1.2795012356298143
P. damselae subsp. piscicida	HDC_ONLY	1	2.676056338028169	-1.155608648382731	1.155608648382731
P. iliopiscarium	HDC2_ONLY	0	1.1951710261569417	-1.1525099138734385	1.1525099138734385
P. piscicola	HDC2_ONLY	0	0.9295774647887324	-1.012200684097554	1.012200684097554
P. damselae subsp. piscicida	HDC2_ONLY	0	0.9295774647887324	-1.012200684097554	1.012200684097554
P. leiognathi subsp. mandapamensis	BOTH	0	0.6519114688128773	-0.91540319594516	0.91540319594516
P. leiognathi	HDC2_ONLY	0	0.6639839034205232	-0.8519452648282392	0.8519452648282392
P. aquimaris	HDC2_ONLY	0	0.5975855130784709	-0.8073977182692339	0.8073977182692339
P. swingsii	HDC2_ONLY	0	0.5311871227364185	-0.7604431251331698	0.7604431251331698
P. phosphoreum	BOTH	0	0.36217303822937624	-0.643739641731167	0.643739641731167
P. damselae	BOTH	0	0.3380281690140845	-0.6190846928733317	0.6190846928733317
Other Photobacterium	BOTH	0	0.3199195171026157	-0.6002356651382075	0.6002356651382075
P. damselae subsp. damselae	BOTH	0	0.31388329979879276	-0.5938776941028575	0.5938776941028575
P. angustum	BOTH	0	0.16901408450704225	-0.424490467061132	0.424490467061132
Photobacterium sp.	BOTH	0	0.13279678068410464	-0.3738865848766644	0.3738865848766644
P. carnosum	BOTH	0	0.1267605633802817	-0.36490643181113896	0.36490643181113896
P. carnosum	HDC2_ONLY	1	1.3943661971830985	-0.35318738381797277	0.35318738381797277
P. iliopiscarium	BOTH	0	0.10865191146881288	-0.33677810050924323	0.33677810050924323
P. damselae subsp. piscicida	BOTH	0	0.08450704225352113	-0.29577795350918334	0.29577795350918334
P. piscicola	BOTH	0	0.08450704225352113	-0.29577795350918334	0.29577795350918334
P. leiognathi	BOTH	0	0.060362173038229376	-0.24894927546645465	0.24894927546645465
P. aquimaris	BOTH	0	0.05432595573440644	-0.23593191402609454	0.23593191402609454
P. swingsii	BOTH	0	0.0482897384305835	-0.22221118286691374	0.22221118286691374
