Taxon_Group	HDC_ONLY	HDC2_ONLY	BOTH	NEITHER	Total	HDC_ONLY_pct	HDC2_ONLY_pct	BOTH_pct	NEITHER_pct
Other Photobacterium	1	1	0	51	53	1.8867924528301887	1.8867924528301887	0.0	96.22641509433963
P. angustum	16	0	0	12	28	57.142857142857146	0.0	0.0	42.857142857142854
P. aquimaris	5	0	0	4	9	55.55555555555556	0.0	0.0	44.44444444444444
P. carnosum	0	1	0	20	21	0.0	4.761904761904762	0.0	95.23809523809524
P. damselae	26	0	0	30	56	46.42857142857143	0.0	0.0	53.57142857142857
P. damselae subsp. damselae	24	0	0	28	52	46.15384615384615	0.0	0.0	53.84615384615385
P. damselae subsp. piscicida	1	0	0	13	14	7.142857142857143	0.0	0.0	92.85714285714286
P. iliopiscarium	0	0	0	18	18	0.0	0.0	0.0	100.0
P. kishitanii	21	0	3	0	24	87.5	0.0	12.5	0.0
P. leiognathi	0	0	0	10	10	0.0	0.0	0.0	100.0
P. leiognathi subsp. mandapamensis	0	0	0	108	108	0.0	0.0	0.0	100.0
P. phosphoreum	0	31	0	29	60	0.0	51.666666666666664	0.0	48.333333333333336
P. piscicola	0	0	0	14	14	0.0	0.0	0.0	100.0
P. swingsii	0	0	0	8	8	0.0	0.0	0.0	100.0
Photobacterium sp.	1	0	0	21	22	4.545454545454546	0.0	0.0	95.45454545454545
