KP728803.1	GCF_900454675.1|WP_068946983.1	100.000	378	379	378	0.0	791	99	histidine decarboxylase [Photobacterium damselae]
KP728803.1	GCF_900454595.1|WP_068946983.1	100.000	378	379	378	0.0	791	99	histidine decarboxylase [Photobacterium damselae]
KP728803.1	GCF_059784805.1|WP_068946983.1	100.000	378	379	378	0.0	791	99	histidine decarboxylase [Photobacterium damselae]
KP728803.1	GCF_059492265.1|WP_068946983.1	100.000	378	379	378	0.0	791	99	histidine decarboxylase [Photobacterium damselae]
KP728803.1	GCF_057922685.1|WP_068946983.1	100.000	378	379	378	0.0	791	99	histidine decarboxylase [Photobacterium damselae]
KP728803.1	GCF_057922655.1|WP_068946983.1	100.000	378	379	378	0.0	791	99	histidine decarboxylase [Photobacterium damselae]
KP728803.1	GCF_057063665.1|WP_068946983.1	100.000	378	379	378	0.0	791	99	histidine decarboxylase [Photobacterium damselae]
KP728803.1	GCF_053850225.1|WP_068946983.1	100.000	378	379	378	0.0	791	99	histidine decarboxylase [Photobacterium damselae]
KP728803.1	GCF_052878335.1|WP_068946983.1	100.000	378	379	378	0.0	791	99	histidine decarboxylase [Photobacterium damselae]
KP728803.1	GCF_052873895.1|WP_068946983.1	100.000	378	379	378	0.0	791	99	histidine decarboxylase [Photobacterium damselae]
KP728803.1	GCF_050875365.1|WP_068946983.1	100.000	378	379	378	0.0	791	99	histidine decarboxylase [Photobacterium damselae]
KP728803.1	GCF_038086615.1|WP_068946983.1	100.000	378	379	378	0.0	791	99	histidine decarboxylase [Photobacterium damselae]
KP728803.1	GCF_030169045.1|WP_068946983.1	100.000	378	379	378	0.0	791	99	histidine decarboxylase [Photobacterium damselae]
KP728803.1	GCF_030168795.1|WP_068946983.1	100.000	378	379	378	0.0	791	99	histidine decarboxylase [Photobacterium damselae]
KP728803.1	GCF_022129605.1|WP_068946983.1	100.000	378	379	378	0.0	791	99	histidine decarboxylase [Photobacterium damselae]
KP728803.1	GCF_022129505.1|WP_068946983.1	100.000	378	379	378	0.0	791	99	histidine decarboxylase [Photobacterium damselae]
KP728803.1	GCF_022129485.1|WP_068946983.1	100.000	378	379	378	0.0	791	99	histidine decarboxylase [Photobacterium damselae]
KP728803.1	GCF_021768425.1|WP_068946983.1	100.000	378	379	378	0.0	791	99	histidine decarboxylase [Photobacterium damselae]
KP728803.1	GCF_015602445.1|WP_068946983.1	100.000	378	379	378	0.0	791	99	histidine decarboxylase [Photobacterium damselae]
KP728803.1	GCF_014525015.1|WP_068946983.1	100.000	378	379	378	0.0	791	99	histidine decarboxylase [Photobacterium damselae]
KP728803.1	GCF_014042565.1|WP_068946983.1	100.000	378	379	378	0.0	791	99	histidine decarboxylase [Photobacterium damselae]
KP728803.1	GCF_013377775.1|WP_068946983.1	100.000	378	379	378	0.0	791	99	histidine decarboxylase [Photobacterium damselae]
KP728803.1	GCF_013377605.1|WP_068946983.1	100.000	378	379	378	0.0	791	99	histidine decarboxylase [Photobacterium damselae]
KP728803.1	GCF_009665375.1|WP_068946983.1	100.000	378	379	378	0.0	791	99	histidine decarboxylase [Photobacterium damselae]
KP728803.1	GCF_008806825.1|WP_068946983.1	100.000	378	379	378	0.0	791	99	histidine decarboxylase [Photobacterium damselae]
KP728803.1	GCF_004794735.1|WP_068946983.1	100.000	378	379	378	0.0	791	99	histidine decarboxylase [Photobacterium damselae]
KP728803.1	GCF_004135105.1|WP_068946983.1	100.000	378	379	378	0.0	791	99	histidine decarboxylase [Photobacterium damselae]
KP728803.1	GCF_003004505.1|WP_068946983.1	100.000	378	379	378	0.0	791	99	histidine decarboxylase [Photobacterium damselae]
KP728803.1	GCF_002142615.1|WP_068946983.1	100.000	378	379	378	0.0	791	99	histidine decarboxylase [Photobacterium damselae]
KP728803.1	GCF_001708035.2|WP_068946983.1	100.000	378	379	378	0.0	791	99	histidine decarboxylase [Photobacterium damselae]
KP728803.1	GCF_059735745.1|WP_068969528.1	99.735	378	379	378	0.0	790	99	histidine decarboxylase [Photobacterium damselae]
KP728803.1	GCF_054486525.1|WP_068969528.1	99.735	378	379	378	0.0	790	99	histidine decarboxylase [Photobacterium damselae]
KP728803.1	GCF_052878375.1|WP_068969528.1	99.735	378	379	378	0.0	790	99	histidine decarboxylase [Photobacterium damselae]
KP728803.1	GCF_052877475.1|WP_068969528.1	99.735	378	379	378	0.0	790	99	histidine decarboxylase [Photobacterium damselae]
KP728803.1	GCF_052877375.1|WP_068969528.1	99.735	378	379	378	0.0	790	99	histidine decarboxylase [Photobacterium damselae]
KP728803.1	GCF_052877355.1|WP_068969528.1	99.735	378	379	378	0.0	790	99	histidine decarboxylase [Photobacterium damselae]
KP728803.1	GCF_030168855.1|WP_068969528.1	99.735	378	379	378	0.0	790	99	histidine decarboxylase [Photobacterium damselae]
KP728803.1	GCF_021766015.1|WP_068969528.1	99.735	378	379	378	0.0	790	99	histidine decarboxylase [Photobacterium damselae]
KP728803.1	GCF_021765875.1|WP_068969528.1	99.735	378	379	378	0.0	790	99	histidine decarboxylase [Photobacterium damselae]
KP728803.1	GCF_001707815.1|WP_068969528.1	99.735	378	379	378	0.0	790	99	histidine decarboxylase [Photobacterium damselae]
KP728803.1	GCF_030169005.1|WP_284633720.1	99.735	378	379	378	0.0	790	99	histidine decarboxylase [Photobacterium damselae]
KP728803.1	GCF_900454585.1|WP_005301029.1	99.735	378	379	378	0.0	790	99	histidine decarboxylase [Photobacterium damselae]
KP728803.1	GCF_021768345.1|WP_237041112.1	99.735	378	379	378	0.0	790	99	histidine decarboxylase [Photobacterium damselae]
KP728803.1	GCF_003026815.1|WP_005301029.1	99.735	378	379	378	0.0	790	99	histidine decarboxylase [Photobacterium damselae]
KP728803.1	GCF_000176795.1|WP_005301029.1	99.735	378	379	378	0.0	790	99	histidine decarboxylase [Photobacterium damselae]
KP728803.1	GCF_056675655.1|WP_106142172.1	99.471	378	379	378	0.0	787	99	histidine decarboxylase [Photobacterium damselae]
KP728803.1	GCF_021768405.1|WP_237034753.1	99.471	378	379	378	0.0	787	99	histidine decarboxylase [Photobacterium damselae]
KP728803.1	GCF_021768365.1|WP_237034753.1	99.471	378	379	378	0.0	787	99	histidine decarboxylase [Photobacterium damselae]
KP728803.1	GCF_003130755.1|WP_106142172.1	99.471	378	379	378	0.0	787	99	histidine decarboxylase [Photobacterium damselae]
KP728803.1	GCF_003004585.1|WP_106142172.1	99.471	378	379	378	0.0	787	99	histidine decarboxylase [Photobacterium damselae]
KP728803.1	GCF_037997135.1|WP_340642361.1	99.733	374	379	374	0.0	782	99	histidine decarboxylase [Photobacterium damselae]
KP728803.1	GCF_900537155.1|WP_065167963.1	81.989	372	379	380	0.0	651	98	MULTISPECIES: histidine decarboxylase [Photobacterium]
KP728803.1	GCF_900185625.1|WP_065167963.1	81.989	372	379	380	0.0	651	98	MULTISPECIES: histidine decarboxylase [Photobacterium]
KP728803.1	GCF_900185565.1|WP_065167963.1	81.989	372	379	380	0.0	651	98	MULTISPECIES: histidine decarboxylase [Photobacterium]
KP728803.1	GCF_003026515.1|WP_065167963.1	81.989	372	379	380	0.0	651	98	MULTISPECIES: histidine decarboxylase [Photobacterium]
KP728803.1	GCF_003025625.1|WP_065167963.1	81.989	372	379	380	0.0	651	98	MULTISPECIES: histidine decarboxylase [Photobacterium]
KP728803.1	GCF_001676075.1|WP_065167963.1	81.989	372	379	380	0.0	651	98	MULTISPECIES: histidine decarboxylase [Photobacterium]
KP728803.1	GCF_001676065.1|WP_065167963.1	81.989	372	379	380	0.0	651	98	MULTISPECIES: histidine decarboxylase [Photobacterium]
KP728803.1	GCF_030717005.1|WP_036788792.1	81.989	372	379	380	0.0	650	98	histidine decarboxylase [Photobacterium kishitanii]
KP728803.1	GCF_003027115.1|WP_036788792.1	81.989	372	379	380	0.0	650	98	histidine decarboxylase [Photobacterium kishitanii]
KP728803.1	GCF_003027055.1|WP_036788792.1	81.989	372	379	380	0.0	650	98	histidine decarboxylase [Photobacterium kishitanii]
KP728803.1	GCF_003027035.1|WP_036788792.1	81.989	372	379	380	0.0	650	98	histidine decarboxylase [Photobacterium kishitanii]
KP728803.1	GCF_003026975.1|WP_036788792.1	81.989	372	379	380	0.0	650	98	histidine decarboxylase [Photobacterium kishitanii]
KP728803.1	GCF_003026675.1|WP_036788792.1	81.989	372	379	380	0.0	650	98	histidine decarboxylase [Photobacterium kishitanii]
KP728803.1	GCF_003026635.1|WP_036788792.1	81.989	372	379	380	0.0	650	98	histidine decarboxylase [Photobacterium kishitanii]
KP728803.1	GCF_003026355.1|WP_036788792.1	81.989	372	379	380	0.0	650	98	histidine decarboxylase [Photobacterium kishitanii]
KP728803.1	GCF_003025995.1|WP_036788792.1	81.989	372	379	380	0.0	650	98	histidine decarboxylase [Photobacterium kishitanii]
KP728803.1	GCF_003025975.1|WP_036788792.1	81.989	372	379	380	0.0	650	98	histidine decarboxylase [Photobacterium kishitanii]
KP728803.1	GCF_003025945.1|WP_036788792.1	81.989	372	379	380	0.0	650	98	histidine decarboxylase [Photobacterium kishitanii]
KP728803.1	GCF_003025935.1|WP_036788792.1	81.989	372	379	380	0.0	650	98	histidine decarboxylase [Photobacterium kishitanii]
KP728803.1	GCF_003025895.1|WP_036788792.1	81.989	372	379	380	0.0	650	98	histidine decarboxylase [Photobacterium kishitanii]
KP728803.1	GCF_001676215.1|WP_036788792.1	81.989	372	379	380	0.0	650	98	histidine decarboxylase [Photobacterium kishitanii]
KP728803.1	GCF_001455895.1|WP_036788792.1	81.989	372	379	380	0.0	650	98	histidine decarboxylase [Photobacterium kishitanii]
KP728803.1	GCF_000950335.1|WP_036788792.1	81.989	372	379	380	0.0	650	98	histidine decarboxylase [Photobacterium kishitanii]
KP728803.1	GCF_000950135.1|WP_036788792.1	81.989	372	379	380	0.0	650	98	histidine decarboxylase [Photobacterium kishitanii]
KP728803.1	GCF_000950095.1|WP_036788792.1	81.989	372	379	380	0.0	650	98	histidine decarboxylase [Photobacterium kishitanii]
KP728803.1	GCF_000950075.1|WP_036788792.1	81.989	372	379	380	0.0	650	98	histidine decarboxylase [Photobacterium kishitanii]
KP728803.1	GCF_000949965.1|WP_036788792.1	81.989	372	379	380	0.0	650	98	histidine decarboxylase [Photobacterium kishitanii]
KP728803.1	GCF_000613045.3|WP_036788792.1	81.989	372	379	380	0.0	650	98	histidine decarboxylase [Photobacterium kishitanii]
KP728803.1	GCF_030716765.1|WP_065190614.1	81.720	372	379	380	0.0	647	98	histidine decarboxylase [Photobacterium kishitanii]
KP728803.1	GCF_003026655.1|WP_065190614.1	81.720	372	379	380	0.0	647	98	histidine decarboxylase [Photobacterium kishitanii]
KP728803.1	GCF_003025535.1|WP_065190614.1	81.720	372	379	380	0.0	647	98	histidine decarboxylase [Photobacterium kishitanii]
KP728803.1	GCF_001676235.1|WP_065190614.1	81.720	372	379	380	0.0	647	98	histidine decarboxylase [Photobacterium kishitanii]
KP728803.1	GCF_003027095.1|WP_045132719.1	80.914	372	379	380	0.0	642	98	histidine decarboxylase [Photobacterium angustum]
KP728803.1	GCF_003027015.1|WP_045132719.1	80.914	372	379	380	0.0	642	98	histidine decarboxylase [Photobacterium angustum]
KP728803.1	GCF_003026995.1|WP_045132719.1	80.914	372	379	380	0.0	642	98	histidine decarboxylase [Photobacterium angustum]
KP728803.1	GCF_003026935.1|WP_045132719.1	80.914	372	379	380	0.0	642	98	histidine decarboxylase [Photobacterium angustum]
KP728803.1	GCF_003026895.1|WP_045132719.1	80.914	372	379	380	0.0	642	98	histidine decarboxylase [Photobacterium angustum]
KP728803.1	GCF_003026335.1|WP_045132719.1	80.914	372	379	380	0.0	642	98	histidine decarboxylase [Photobacterium angustum]
KP728803.1	GCF_000950215.1|WP_045132719.1	80.914	372	379	380	0.0	642	98	histidine decarboxylase [Photobacterium angustum]
KP728803.1	GCF_000950085.1|WP_045132719.1	80.914	372	379	380	0.0	642	98	histidine decarboxylase [Photobacterium angustum]
KP728803.1	GCF_003027075.1|WP_045131090.1	80.914	372	379	380	0.0	641	98	histidine decarboxylase [Photobacterium angustum]
KP728803.1	GCF_003026905.1|WP_045131090.1	80.914	372	379	380	0.0	641	98	histidine decarboxylase [Photobacterium angustum]
KP728803.1	GCF_003026835.1|WP_045131090.1	80.914	372	379	380	0.0	641	98	histidine decarboxylase [Photobacterium angustum]
KP728803.1	GCF_000950225.1|WP_045131090.1	80.914	372	379	380	0.0	641	98	histidine decarboxylase [Photobacterium angustum]
KP728803.1	GCF_000950185.1|WP_045131090.1	80.914	372	379	380	0.0	641	98	histidine decarboxylase [Photobacterium angustum]
KP728803.1	GCF_000950025.1|WP_045131090.1	80.914	372	379	380	0.0	641	98	histidine decarboxylase [Photobacterium angustum]
KP728803.1	GCF_003026955.1|WP_045153999.1	80.914	372	379	380	0.0	641	98	histidine decarboxylase [Photobacterium angustum]
KP728803.1	GCF_000950155.1|WP_045153999.1	80.914	372	379	380	0.0	641	98	histidine decarboxylase [Photobacterium angustum]
KP728803.1	GCF_036409375.1|WP_330960220.1	58.713	373	379	383	1.79e-164	469	98	histidine decarboxylase [Photobacterium sp. 53610]
KP728803.1	GCF_023151555.2|WP_305885160.1	58.713	373	379	374	4.58e-162	463	97	histidine decarboxylase [Photobacterium sp. CCB-ST2H9]
KP728803.1	GCF_000950375.1|WP_289844201.1	85.484	248	379	256	1.07e-158	450	65	histidine decarboxylase [Photobacterium angustum]
KP728803.1	GCF_000950355.1|WP_289844201.1	85.484	248	379	256	1.07e-158	450	65	histidine decarboxylase [Photobacterium angustum]
KP728803.1	GCF_000950275.1|WP_289844201.1	85.484	248	379	256	1.07e-158	450	65	histidine decarboxylase [Photobacterium angustum]
KP728803.1	GCF_000950015.1|WP_289844201.1	85.484	248	379	256	1.07e-158	450	65	histidine decarboxylase [Photobacterium angustum]
KP728803.1	GCF_000950375.1|WP_289844200.1	71.094	128	379	136	5.00e-61	197	34	PLP-dependent aminotransferase family protein [Photobacterium angustum]
KP728803.1	GCF_000950355.1|WP_289844200.1	71.094	128	379	136	5.00e-61	197	34	PLP-dependent aminotransferase family protein [Photobacterium angustum]
KP728803.1	GCF_000950275.1|WP_289844200.1	71.094	128	379	136	5.00e-61	197	34	PLP-dependent aminotransferase family protein [Photobacterium angustum]
KP728803.1	GCF_000950015.1|WP_289844200.1	71.094	128	379	136	5.00e-61	197	34	PLP-dependent aminotransferase family protein [Photobacterium angustum]
KP728804.1	GCF_900454675.1|WP_068946983.1	100.000	378	379	378	0.0	791	99	histidine decarboxylase [Photobacterium damselae]
KP728804.1	GCF_900454595.1|WP_068946983.1	100.000	378	379	378	0.0	791	99	histidine decarboxylase [Photobacterium damselae]
KP728804.1	GCF_059784805.1|WP_068946983.1	100.000	378	379	378	0.0	791	99	histidine decarboxylase [Photobacterium damselae]
KP728804.1	GCF_059492265.1|WP_068946983.1	100.000	378	379	378	0.0	791	99	histidine decarboxylase [Photobacterium damselae]
KP728804.1	GCF_057922685.1|WP_068946983.1	100.000	378	379	378	0.0	791	99	histidine decarboxylase [Photobacterium damselae]
KP728804.1	GCF_057922655.1|WP_068946983.1	100.000	378	379	378	0.0	791	99	histidine decarboxylase [Photobacterium damselae]
KP728804.1	GCF_057063665.1|WP_068946983.1	100.000	378	379	378	0.0	791	99	histidine decarboxylase [Photobacterium damselae]
KP728804.1	GCF_053850225.1|WP_068946983.1	100.000	378	379	378	0.0	791	99	histidine decarboxylase [Photobacterium damselae]
KP728804.1	GCF_052878335.1|WP_068946983.1	100.000	378	379	378	0.0	791	99	histidine decarboxylase [Photobacterium damselae]
KP728804.1	GCF_052873895.1|WP_068946983.1	100.000	378	379	378	0.0	791	99	histidine decarboxylase [Photobacterium damselae]
KP728804.1	GCF_050875365.1|WP_068946983.1	100.000	378	379	378	0.0	791	99	histidine decarboxylase [Photobacterium damselae]
KP728804.1	GCF_038086615.1|WP_068946983.1	100.000	378	379	378	0.0	791	99	histidine decarboxylase [Photobacterium damselae]
KP728804.1	GCF_030169045.1|WP_068946983.1	100.000	378	379	378	0.0	791	99	histidine decarboxylase [Photobacterium damselae]
KP728804.1	GCF_030168795.1|WP_068946983.1	100.000	378	379	378	0.0	791	99	histidine decarboxylase [Photobacterium damselae]
KP728804.1	GCF_022129605.1|WP_068946983.1	100.000	378	379	378	0.0	791	99	histidine decarboxylase [Photobacterium damselae]
KP728804.1	GCF_022129505.1|WP_068946983.1	100.000	378	379	378	0.0	791	99	histidine decarboxylase [Photobacterium damselae]
KP728804.1	GCF_022129485.1|WP_068946983.1	100.000	378	379	378	0.0	791	99	histidine decarboxylase [Photobacterium damselae]
KP728804.1	GCF_021768425.1|WP_068946983.1	100.000	378	379	378	0.0	791	99	histidine decarboxylase [Photobacterium damselae]
KP728804.1	GCF_015602445.1|WP_068946983.1	100.000	378	379	378	0.0	791	99	histidine decarboxylase [Photobacterium damselae]
KP728804.1	GCF_014525015.1|WP_068946983.1	100.000	378	379	378	0.0	791	99	histidine decarboxylase [Photobacterium damselae]
KP728804.1	GCF_014042565.1|WP_068946983.1	100.000	378	379	378	0.0	791	99	histidine decarboxylase [Photobacterium damselae]
KP728804.1	GCF_013377775.1|WP_068946983.1	100.000	378	379	378	0.0	791	99	histidine decarboxylase [Photobacterium damselae]
KP728804.1	GCF_013377605.1|WP_068946983.1	100.000	378	379	378	0.0	791	99	histidine decarboxylase [Photobacterium damselae]
KP728804.1	GCF_009665375.1|WP_068946983.1	100.000	378	379	378	0.0	791	99	histidine decarboxylase [Photobacterium damselae]
KP728804.1	GCF_008806825.1|WP_068946983.1	100.000	378	379	378	0.0	791	99	histidine decarboxylase [Photobacterium damselae]
KP728804.1	GCF_004794735.1|WP_068946983.1	100.000	378	379	378	0.0	791	99	histidine decarboxylase [Photobacterium damselae]
KP728804.1	GCF_004135105.1|WP_068946983.1	100.000	378	379	378	0.0	791	99	histidine decarboxylase [Photobacterium damselae]
KP728804.1	GCF_003004505.1|WP_068946983.1	100.000	378	379	378	0.0	791	99	histidine decarboxylase [Photobacterium damselae]
KP728804.1	GCF_002142615.1|WP_068946983.1	100.000	378	379	378	0.0	791	99	histidine decarboxylase [Photobacterium damselae]
KP728804.1	GCF_001708035.2|WP_068946983.1	100.000	378	379	378	0.0	791	99	histidine decarboxylase [Photobacterium damselae]
KP728804.1	GCF_059735745.1|WP_068969528.1	99.735	378	379	378	0.0	790	99	histidine decarboxylase [Photobacterium damselae]
KP728804.1	GCF_054486525.1|WP_068969528.1	99.735	378	379	378	0.0	790	99	histidine decarboxylase [Photobacterium damselae]
KP728804.1	GCF_052878375.1|WP_068969528.1	99.735	378	379	378	0.0	790	99	histidine decarboxylase [Photobacterium damselae]
KP728804.1	GCF_052877475.1|WP_068969528.1	99.735	378	379	378	0.0	790	99	histidine decarboxylase [Photobacterium damselae]
KP728804.1	GCF_052877375.1|WP_068969528.1	99.735	378	379	378	0.0	790	99	histidine decarboxylase [Photobacterium damselae]
KP728804.1	GCF_052877355.1|WP_068969528.1	99.735	378	379	378	0.0	790	99	histidine decarboxylase [Photobacterium damselae]
KP728804.1	GCF_030168855.1|WP_068969528.1	99.735	378	379	378	0.0	790	99	histidine decarboxylase [Photobacterium damselae]
KP728804.1	GCF_021766015.1|WP_068969528.1	99.735	378	379	378	0.0	790	99	histidine decarboxylase [Photobacterium damselae]
KP728804.1	GCF_021765875.1|WP_068969528.1	99.735	378	379	378	0.0	790	99	histidine decarboxylase [Photobacterium damselae]
KP728804.1	GCF_001707815.1|WP_068969528.1	99.735	378	379	378	0.0	790	99	histidine decarboxylase [Photobacterium damselae]
KP728804.1	GCF_030169005.1|WP_284633720.1	99.735	378	379	378	0.0	790	99	histidine decarboxylase [Photobacterium damselae]
KP728804.1	GCF_900454585.1|WP_005301029.1	99.735	378	379	378	0.0	790	99	histidine decarboxylase [Photobacterium damselae]
KP728804.1	GCF_021768345.1|WP_237041112.1	99.735	378	379	378	0.0	790	99	histidine decarboxylase [Photobacterium damselae]
KP728804.1	GCF_003026815.1|WP_005301029.1	99.735	378	379	378	0.0	790	99	histidine decarboxylase [Photobacterium damselae]
KP728804.1	GCF_000176795.1|WP_005301029.1	99.735	378	379	378	0.0	790	99	histidine decarboxylase [Photobacterium damselae]
KP728804.1	GCF_056675655.1|WP_106142172.1	99.471	378	379	378	0.0	787	99	histidine decarboxylase [Photobacterium damselae]
KP728804.1	GCF_021768405.1|WP_237034753.1	99.471	378	379	378	0.0	787	99	histidine decarboxylase [Photobacterium damselae]
KP728804.1	GCF_021768365.1|WP_237034753.1	99.471	378	379	378	0.0	787	99	histidine decarboxylase [Photobacterium damselae]
KP728804.1	GCF_003130755.1|WP_106142172.1	99.471	378	379	378	0.0	787	99	histidine decarboxylase [Photobacterium damselae]
KP728804.1	GCF_003004585.1|WP_106142172.1	99.471	378	379	378	0.0	787	99	histidine decarboxylase [Photobacterium damselae]
KP728804.1	GCF_037997135.1|WP_340642361.1	99.733	374	379	374	0.0	782	99	histidine decarboxylase [Photobacterium damselae]
KP728804.1	GCF_900537155.1|WP_065167963.1	81.989	372	379	380	0.0	651	98	MULTISPECIES: histidine decarboxylase [Photobacterium]
KP728804.1	GCF_900185625.1|WP_065167963.1	81.989	372	379	380	0.0	651	98	MULTISPECIES: histidine decarboxylase [Photobacterium]
KP728804.1	GCF_900185565.1|WP_065167963.1	81.989	372	379	380	0.0	651	98	MULTISPECIES: histidine decarboxylase [Photobacterium]
KP728804.1	GCF_003026515.1|WP_065167963.1	81.989	372	379	380	0.0	651	98	MULTISPECIES: histidine decarboxylase [Photobacterium]
KP728804.1	GCF_003025625.1|WP_065167963.1	81.989	372	379	380	0.0	651	98	MULTISPECIES: histidine decarboxylase [Photobacterium]
KP728804.1	GCF_001676075.1|WP_065167963.1	81.989	372	379	380	0.0	651	98	MULTISPECIES: histidine decarboxylase [Photobacterium]
KP728804.1	GCF_001676065.1|WP_065167963.1	81.989	372	379	380	0.0	651	98	MULTISPECIES: histidine decarboxylase [Photobacterium]
KP728804.1	GCF_030717005.1|WP_036788792.1	81.989	372	379	380	0.0	650	98	histidine decarboxylase [Photobacterium kishitanii]
KP728804.1	GCF_003027115.1|WP_036788792.1	81.989	372	379	380	0.0	650	98	histidine decarboxylase [Photobacterium kishitanii]
KP728804.1	GCF_003027055.1|WP_036788792.1	81.989	372	379	380	0.0	650	98	histidine decarboxylase [Photobacterium kishitanii]
KP728804.1	GCF_003027035.1|WP_036788792.1	81.989	372	379	380	0.0	650	98	histidine decarboxylase [Photobacterium kishitanii]
KP728804.1	GCF_003026975.1|WP_036788792.1	81.989	372	379	380	0.0	650	98	histidine decarboxylase [Photobacterium kishitanii]
KP728804.1	GCF_003026675.1|WP_036788792.1	81.989	372	379	380	0.0	650	98	histidine decarboxylase [Photobacterium kishitanii]
KP728804.1	GCF_003026635.1|WP_036788792.1	81.989	372	379	380	0.0	650	98	histidine decarboxylase [Photobacterium kishitanii]
KP728804.1	GCF_003026355.1|WP_036788792.1	81.989	372	379	380	0.0	650	98	histidine decarboxylase [Photobacterium kishitanii]
KP728804.1	GCF_003025995.1|WP_036788792.1	81.989	372	379	380	0.0	650	98	histidine decarboxylase [Photobacterium kishitanii]
KP728804.1	GCF_003025975.1|WP_036788792.1	81.989	372	379	380	0.0	650	98	histidine decarboxylase [Photobacterium kishitanii]
KP728804.1	GCF_003025945.1|WP_036788792.1	81.989	372	379	380	0.0	650	98	histidine decarboxylase [Photobacterium kishitanii]
KP728804.1	GCF_003025935.1|WP_036788792.1	81.989	372	379	380	0.0	650	98	histidine decarboxylase [Photobacterium kishitanii]
KP728804.1	GCF_003025895.1|WP_036788792.1	81.989	372	379	380	0.0	650	98	histidine decarboxylase [Photobacterium kishitanii]
KP728804.1	GCF_001676215.1|WP_036788792.1	81.989	372	379	380	0.0	650	98	histidine decarboxylase [Photobacterium kishitanii]
KP728804.1	GCF_001455895.1|WP_036788792.1	81.989	372	379	380	0.0	650	98	histidine decarboxylase [Photobacterium kishitanii]
KP728804.1	GCF_000950335.1|WP_036788792.1	81.989	372	379	380	0.0	650	98	histidine decarboxylase [Photobacterium kishitanii]
KP728804.1	GCF_000950135.1|WP_036788792.1	81.989	372	379	380	0.0	650	98	histidine decarboxylase [Photobacterium kishitanii]
KP728804.1	GCF_000950095.1|WP_036788792.1	81.989	372	379	380	0.0	650	98	histidine decarboxylase [Photobacterium kishitanii]
KP728804.1	GCF_000950075.1|WP_036788792.1	81.989	372	379	380	0.0	650	98	histidine decarboxylase [Photobacterium kishitanii]
KP728804.1	GCF_000949965.1|WP_036788792.1	81.989	372	379	380	0.0	650	98	histidine decarboxylase [Photobacterium kishitanii]
KP728804.1	GCF_000613045.3|WP_036788792.1	81.989	372	379	380	0.0	650	98	histidine decarboxylase [Photobacterium kishitanii]
KP728804.1	GCF_030716765.1|WP_065190614.1	81.720	372	379	380	0.0	647	98	histidine decarboxylase [Photobacterium kishitanii]
KP728804.1	GCF_003026655.1|WP_065190614.1	81.720	372	379	380	0.0	647	98	histidine decarboxylase [Photobacterium kishitanii]
KP728804.1	GCF_003025535.1|WP_065190614.1	81.720	372	379	380	0.0	647	98	histidine decarboxylase [Photobacterium kishitanii]
KP728804.1	GCF_001676235.1|WP_065190614.1	81.720	372	379	380	0.0	647	98	histidine decarboxylase [Photobacterium kishitanii]
KP728804.1	GCF_003027095.1|WP_045132719.1	80.914	372	379	380	0.0	642	98	histidine decarboxylase [Photobacterium angustum]
KP728804.1	GCF_003027015.1|WP_045132719.1	80.914	372	379	380	0.0	642	98	histidine decarboxylase [Photobacterium angustum]
KP728804.1	GCF_003026995.1|WP_045132719.1	80.914	372	379	380	0.0	642	98	histidine decarboxylase [Photobacterium angustum]
KP728804.1	GCF_003026935.1|WP_045132719.1	80.914	372	379	380	0.0	642	98	histidine decarboxylase [Photobacterium angustum]
KP728804.1	GCF_003026895.1|WP_045132719.1	80.914	372	379	380	0.0	642	98	histidine decarboxylase [Photobacterium angustum]
KP728804.1	GCF_003026335.1|WP_045132719.1	80.914	372	379	380	0.0	642	98	histidine decarboxylase [Photobacterium angustum]
KP728804.1	GCF_000950215.1|WP_045132719.1	80.914	372	379	380	0.0	642	98	histidine decarboxylase [Photobacterium angustum]
KP728804.1	GCF_000950085.1|WP_045132719.1	80.914	372	379	380	0.0	642	98	histidine decarboxylase [Photobacterium angustum]
KP728804.1	GCF_003027075.1|WP_045131090.1	80.914	372	379	380	0.0	641	98	histidine decarboxylase [Photobacterium angustum]
KP728804.1	GCF_003026905.1|WP_045131090.1	80.914	372	379	380	0.0	641	98	histidine decarboxylase [Photobacterium angustum]
KP728804.1	GCF_003026835.1|WP_045131090.1	80.914	372	379	380	0.0	641	98	histidine decarboxylase [Photobacterium angustum]
KP728804.1	GCF_000950225.1|WP_045131090.1	80.914	372	379	380	0.0	641	98	histidine decarboxylase [Photobacterium angustum]
KP728804.1	GCF_000950185.1|WP_045131090.1	80.914	372	379	380	0.0	641	98	histidine decarboxylase [Photobacterium angustum]
KP728804.1	GCF_000950025.1|WP_045131090.1	80.914	372	379	380	0.0	641	98	histidine decarboxylase [Photobacterium angustum]
KP728804.1	GCF_003026955.1|WP_045153999.1	80.914	372	379	380	0.0	641	98	histidine decarboxylase [Photobacterium angustum]
KP728804.1	GCF_000950155.1|WP_045153999.1	80.914	372	379	380	0.0	641	98	histidine decarboxylase [Photobacterium angustum]
KP728804.1	GCF_036409375.1|WP_330960220.1	58.713	373	379	383	1.79e-164	469	98	histidine decarboxylase [Photobacterium sp. 53610]
KP728804.1	GCF_023151555.2|WP_305885160.1	58.713	373	379	374	4.58e-162	463	97	histidine decarboxylase [Photobacterium sp. CCB-ST2H9]
KP728804.1	GCF_000950375.1|WP_289844201.1	85.484	248	379	256	1.07e-158	450	65	histidine decarboxylase [Photobacterium angustum]
KP728804.1	GCF_000950355.1|WP_289844201.1	85.484	248	379	256	1.07e-158	450	65	histidine decarboxylase [Photobacterium angustum]
KP728804.1	GCF_000950275.1|WP_289844201.1	85.484	248	379	256	1.07e-158	450	65	histidine decarboxylase [Photobacterium angustum]
KP728804.1	GCF_000950015.1|WP_289844201.1	85.484	248	379	256	1.07e-158	450	65	histidine decarboxylase [Photobacterium angustum]
KP728804.1	GCF_000950375.1|WP_289844200.1	71.094	128	379	136	5.00e-61	197	34	PLP-dependent aminotransferase family protein [Photobacterium angustum]
KP728804.1	GCF_000950355.1|WP_289844200.1	71.094	128	379	136	5.00e-61	197	34	PLP-dependent aminotransferase family protein [Photobacterium angustum]
KP728804.1	GCF_000950275.1|WP_289844200.1	71.094	128	379	136	5.00e-61	197	34	PLP-dependent aminotransferase family protein [Photobacterium angustum]
KP728804.1	GCF_000950015.1|WP_289844200.1	71.094	128	379	136	5.00e-61	197	34	PLP-dependent aminotransferase family protein [Photobacterium angustum]
KP728805.1	GCF_900454675.1|WP_068946983.1	99.735	378	379	378	0.0	788	99	histidine decarboxylase [Photobacterium damselae]
KP728805.1	GCF_900454595.1|WP_068946983.1	99.735	378	379	378	0.0	788	99	histidine decarboxylase [Photobacterium damselae]
KP728805.1	GCF_059784805.1|WP_068946983.1	99.735	378	379	378	0.0	788	99	histidine decarboxylase [Photobacterium damselae]
KP728805.1	GCF_059492265.1|WP_068946983.1	99.735	378	379	378	0.0	788	99	histidine decarboxylase [Photobacterium damselae]
KP728805.1	GCF_057922685.1|WP_068946983.1	99.735	378	379	378	0.0	788	99	histidine decarboxylase [Photobacterium damselae]
KP728805.1	GCF_057922655.1|WP_068946983.1	99.735	378	379	378	0.0	788	99	histidine decarboxylase [Photobacterium damselae]
KP728805.1	GCF_057063665.1|WP_068946983.1	99.735	378	379	378	0.0	788	99	histidine decarboxylase [Photobacterium damselae]
KP728805.1	GCF_053850225.1|WP_068946983.1	99.735	378	379	378	0.0	788	99	histidine decarboxylase [Photobacterium damselae]
KP728805.1	GCF_052878335.1|WP_068946983.1	99.735	378	379	378	0.0	788	99	histidine decarboxylase [Photobacterium damselae]
KP728805.1	GCF_052873895.1|WP_068946983.1	99.735	378	379	378	0.0	788	99	histidine decarboxylase [Photobacterium damselae]
KP728805.1	GCF_050875365.1|WP_068946983.1	99.735	378	379	378	0.0	788	99	histidine decarboxylase [Photobacterium damselae]
KP728805.1	GCF_038086615.1|WP_068946983.1	99.735	378	379	378	0.0	788	99	histidine decarboxylase [Photobacterium damselae]
KP728805.1	GCF_030169045.1|WP_068946983.1	99.735	378	379	378	0.0	788	99	histidine decarboxylase [Photobacterium damselae]
KP728805.1	GCF_030168795.1|WP_068946983.1	99.735	378	379	378	0.0	788	99	histidine decarboxylase [Photobacterium damselae]
KP728805.1	GCF_022129605.1|WP_068946983.1	99.735	378	379	378	0.0	788	99	histidine decarboxylase [Photobacterium damselae]
KP728805.1	GCF_022129505.1|WP_068946983.1	99.735	378	379	378	0.0	788	99	histidine decarboxylase [Photobacterium damselae]
KP728805.1	GCF_022129485.1|WP_068946983.1	99.735	378	379	378	0.0	788	99	histidine decarboxylase [Photobacterium damselae]
KP728805.1	GCF_021768425.1|WP_068946983.1	99.735	378	379	378	0.0	788	99	histidine decarboxylase [Photobacterium damselae]
KP728805.1	GCF_015602445.1|WP_068946983.1	99.735	378	379	378	0.0	788	99	histidine decarboxylase [Photobacterium damselae]
KP728805.1	GCF_014525015.1|WP_068946983.1	99.735	378	379	378	0.0	788	99	histidine decarboxylase [Photobacterium damselae]
KP728805.1	GCF_014042565.1|WP_068946983.1	99.735	378	379	378	0.0	788	99	histidine decarboxylase [Photobacterium damselae]
KP728805.1	GCF_013377775.1|WP_068946983.1	99.735	378	379	378	0.0	788	99	histidine decarboxylase [Photobacterium damselae]
KP728805.1	GCF_013377605.1|WP_068946983.1	99.735	378	379	378	0.0	788	99	histidine decarboxylase [Photobacterium damselae]
KP728805.1	GCF_009665375.1|WP_068946983.1	99.735	378	379	378	0.0	788	99	histidine decarboxylase [Photobacterium damselae]
KP728805.1	GCF_008806825.1|WP_068946983.1	99.735	378	379	378	0.0	788	99	histidine decarboxylase [Photobacterium damselae]
KP728805.1	GCF_004794735.1|WP_068946983.1	99.735	378	379	378	0.0	788	99	histidine decarboxylase [Photobacterium damselae]
KP728805.1	GCF_004135105.1|WP_068946983.1	99.735	378	379	378	0.0	788	99	histidine decarboxylase [Photobacterium damselae]
KP728805.1	GCF_003004505.1|WP_068946983.1	99.735	378	379	378	0.0	788	99	histidine decarboxylase [Photobacterium damselae]
KP728805.1	GCF_002142615.1|WP_068946983.1	99.735	378	379	378	0.0	788	99	histidine decarboxylase [Photobacterium damselae]
KP728805.1	GCF_001708035.2|WP_068946983.1	99.735	378	379	378	0.0	788	99	histidine decarboxylase [Photobacterium damselae]
KP728805.1	GCF_059735745.1|WP_068969528.1	99.471	378	379	378	0.0	787	99	histidine decarboxylase [Photobacterium damselae]
KP728805.1	GCF_054486525.1|WP_068969528.1	99.471	378	379	378	0.0	787	99	histidine decarboxylase [Photobacterium damselae]
KP728805.1	GCF_052878375.1|WP_068969528.1	99.471	378	379	378	0.0	787	99	histidine decarboxylase [Photobacterium damselae]
KP728805.1	GCF_052877475.1|WP_068969528.1	99.471	378	379	378	0.0	787	99	histidine decarboxylase [Photobacterium damselae]
KP728805.1	GCF_052877375.1|WP_068969528.1	99.471	378	379	378	0.0	787	99	histidine decarboxylase [Photobacterium damselae]
KP728805.1	GCF_052877355.1|WP_068969528.1	99.471	378	379	378	0.0	787	99	histidine decarboxylase [Photobacterium damselae]
KP728805.1	GCF_030168855.1|WP_068969528.1	99.471	378	379	378	0.0	787	99	histidine decarboxylase [Photobacterium damselae]
KP728805.1	GCF_021766015.1|WP_068969528.1	99.471	378	379	378	0.0	787	99	histidine decarboxylase [Photobacterium damselae]
KP728805.1	GCF_021765875.1|WP_068969528.1	99.471	378	379	378	0.0	787	99	histidine decarboxylase [Photobacterium damselae]
KP728805.1	GCF_001707815.1|WP_068969528.1	99.471	378	379	378	0.0	787	99	histidine decarboxylase [Photobacterium damselae]
KP728805.1	GCF_030169005.1|WP_284633720.1	99.471	378	379	378	0.0	787	99	histidine decarboxylase [Photobacterium damselae]
KP728805.1	GCF_900454585.1|WP_005301029.1	99.471	378	379	378	0.0	786	99	histidine decarboxylase [Photobacterium damselae]
KP728805.1	GCF_021768345.1|WP_237041112.1	99.471	378	379	378	0.0	786	99	histidine decarboxylase [Photobacterium damselae]
KP728805.1	GCF_003026815.1|WP_005301029.1	99.471	378	379	378	0.0	786	99	histidine decarboxylase [Photobacterium damselae]
KP728805.1	GCF_000176795.1|WP_005301029.1	99.471	378	379	378	0.0	786	99	histidine decarboxylase [Photobacterium damselae]
KP728805.1	GCF_056675655.1|WP_106142172.1	99.206	378	379	378	0.0	785	99	histidine decarboxylase [Photobacterium damselae]
KP728805.1	GCF_003130755.1|WP_106142172.1	99.206	378	379	378	0.0	785	99	histidine decarboxylase [Photobacterium damselae]
KP728805.1	GCF_003004585.1|WP_106142172.1	99.206	378	379	378	0.0	785	99	histidine decarboxylase [Photobacterium damselae]
KP728805.1	GCF_021768405.1|WP_237034753.1	99.206	378	379	378	0.0	784	99	histidine decarboxylase [Photobacterium damselae]
KP728805.1	GCF_021768365.1|WP_237034753.1	99.206	378	379	378	0.0	784	99	histidine decarboxylase [Photobacterium damselae]
KP728805.1	GCF_037997135.1|WP_340642361.1	99.465	374	379	374	0.0	779	99	histidine decarboxylase [Photobacterium damselae]
KP728805.1	GCF_900537155.1|WP_065167963.1	81.720	372	379	380	0.0	648	98	MULTISPECIES: histidine decarboxylase [Photobacterium]
KP728805.1	GCF_900185625.1|WP_065167963.1	81.720	372	379	380	0.0	648	98	MULTISPECIES: histidine decarboxylase [Photobacterium]
KP728805.1	GCF_900185565.1|WP_065167963.1	81.720	372	379	380	0.0	648	98	MULTISPECIES: histidine decarboxylase [Photobacterium]
KP728805.1	GCF_003026515.1|WP_065167963.1	81.720	372	379	380	0.0	648	98	MULTISPECIES: histidine decarboxylase [Photobacterium]
KP728805.1	GCF_003025625.1|WP_065167963.1	81.720	372	379	380	0.0	648	98	MULTISPECIES: histidine decarboxylase [Photobacterium]
KP728805.1	GCF_001676075.1|WP_065167963.1	81.720	372	379	380	0.0	648	98	MULTISPECIES: histidine decarboxylase [Photobacterium]
KP728805.1	GCF_001676065.1|WP_065167963.1	81.720	372	379	380	0.0	648	98	MULTISPECIES: histidine decarboxylase [Photobacterium]
KP728805.1	GCF_030717005.1|WP_036788792.1	81.720	372	379	380	0.0	647	98	histidine decarboxylase [Photobacterium kishitanii]
KP728805.1	GCF_003027115.1|WP_036788792.1	81.720	372	379	380	0.0	647	98	histidine decarboxylase [Photobacterium kishitanii]
KP728805.1	GCF_003027055.1|WP_036788792.1	81.720	372	379	380	0.0	647	98	histidine decarboxylase [Photobacterium kishitanii]
KP728805.1	GCF_003027035.1|WP_036788792.1	81.720	372	379	380	0.0	647	98	histidine decarboxylase [Photobacterium kishitanii]
KP728805.1	GCF_003026975.1|WP_036788792.1	81.720	372	379	380	0.0	647	98	histidine decarboxylase [Photobacterium kishitanii]
KP728805.1	GCF_003026675.1|WP_036788792.1	81.720	372	379	380	0.0	647	98	histidine decarboxylase [Photobacterium kishitanii]
KP728805.1	GCF_003026635.1|WP_036788792.1	81.720	372	379	380	0.0	647	98	histidine decarboxylase [Photobacterium kishitanii]
KP728805.1	GCF_003026355.1|WP_036788792.1	81.720	372	379	380	0.0	647	98	histidine decarboxylase [Photobacterium kishitanii]
KP728805.1	GCF_003025995.1|WP_036788792.1	81.720	372	379	380	0.0	647	98	histidine decarboxylase [Photobacterium kishitanii]
KP728805.1	GCF_003025975.1|WP_036788792.1	81.720	372	379	380	0.0	647	98	histidine decarboxylase [Photobacterium kishitanii]
KP728805.1	GCF_003025945.1|WP_036788792.1	81.720	372	379	380	0.0	647	98	histidine decarboxylase [Photobacterium kishitanii]
KP728805.1	GCF_003025935.1|WP_036788792.1	81.720	372	379	380	0.0	647	98	histidine decarboxylase [Photobacterium kishitanii]
KP728805.1	GCF_003025895.1|WP_036788792.1	81.720	372	379	380	0.0	647	98	histidine decarboxylase [Photobacterium kishitanii]
KP728805.1	GCF_001676215.1|WP_036788792.1	81.720	372	379	380	0.0	647	98	histidine decarboxylase [Photobacterium kishitanii]
KP728805.1	GCF_001455895.1|WP_036788792.1	81.720	372	379	380	0.0	647	98	histidine decarboxylase [Photobacterium kishitanii]
KP728805.1	GCF_000950335.1|WP_036788792.1	81.720	372	379	380	0.0	647	98	histidine decarboxylase [Photobacterium kishitanii]
KP728805.1	GCF_000950135.1|WP_036788792.1	81.720	372	379	380	0.0	647	98	histidine decarboxylase [Photobacterium kishitanii]
KP728805.1	GCF_000950095.1|WP_036788792.1	81.720	372	379	380	0.0	647	98	histidine decarboxylase [Photobacterium kishitanii]
KP728805.1	GCF_000950075.1|WP_036788792.1	81.720	372	379	380	0.0	647	98	histidine decarboxylase [Photobacterium kishitanii]
KP728805.1	GCF_000949965.1|WP_036788792.1	81.720	372	379	380	0.0	647	98	histidine decarboxylase [Photobacterium kishitanii]
KP728805.1	GCF_000613045.3|WP_036788792.1	81.720	372	379	380	0.0	647	98	histidine decarboxylase [Photobacterium kishitanii]
KP728805.1	GCF_030716765.1|WP_065190614.1	81.452	372	379	380	0.0	645	98	histidine decarboxylase [Photobacterium kishitanii]
KP728805.1	GCF_003026655.1|WP_065190614.1	81.452	372	379	380	0.0	645	98	histidine decarboxylase [Photobacterium kishitanii]
KP728805.1	GCF_003025535.1|WP_065190614.1	81.452	372	379	380	0.0	645	98	histidine decarboxylase [Photobacterium kishitanii]
KP728805.1	GCF_001676235.1|WP_065190614.1	81.452	372	379	380	0.0	645	98	histidine decarboxylase [Photobacterium kishitanii]
KP728805.1	GCF_003027095.1|WP_045132719.1	80.645	372	379	380	0.0	639	98	histidine decarboxylase [Photobacterium angustum]
KP728805.1	GCF_003027015.1|WP_045132719.1	80.645	372	379	380	0.0	639	98	histidine decarboxylase [Photobacterium angustum]
KP728805.1	GCF_003026995.1|WP_045132719.1	80.645	372	379	380	0.0	639	98	histidine decarboxylase [Photobacterium angustum]
KP728805.1	GCF_003026935.1|WP_045132719.1	80.645	372	379	380	0.0	639	98	histidine decarboxylase [Photobacterium angustum]
KP728805.1	GCF_003026895.1|WP_045132719.1	80.645	372	379	380	0.0	639	98	histidine decarboxylase [Photobacterium angustum]
KP728805.1	GCF_003026335.1|WP_045132719.1	80.645	372	379	380	0.0	639	98	histidine decarboxylase [Photobacterium angustum]
KP728805.1	GCF_000950215.1|WP_045132719.1	80.645	372	379	380	0.0	639	98	histidine decarboxylase [Photobacterium angustum]
KP728805.1	GCF_000950085.1|WP_045132719.1	80.645	372	379	380	0.0	639	98	histidine decarboxylase [Photobacterium angustum]
KP728805.1	GCF_003027075.1|WP_045131090.1	80.645	372	379	380	0.0	639	98	histidine decarboxylase [Photobacterium angustum]
KP728805.1	GCF_003026905.1|WP_045131090.1	80.645	372	379	380	0.0	639	98	histidine decarboxylase [Photobacterium angustum]
KP728805.1	GCF_003026835.1|WP_045131090.1	80.645	372	379	380	0.0	639	98	histidine decarboxylase [Photobacterium angustum]
KP728805.1	GCF_000950225.1|WP_045131090.1	80.645	372	379	380	0.0	639	98	histidine decarboxylase [Photobacterium angustum]
KP728805.1	GCF_000950185.1|WP_045131090.1	80.645	372	379	380	0.0	639	98	histidine decarboxylase [Photobacterium angustum]
KP728805.1	GCF_000950025.1|WP_045131090.1	80.645	372	379	380	0.0	639	98	histidine decarboxylase [Photobacterium angustum]
KP728805.1	GCF_003026955.1|WP_045153999.1	80.645	372	379	380	0.0	638	98	histidine decarboxylase [Photobacterium angustum]
KP728805.1	GCF_000950155.1|WP_045153999.1	80.645	372	379	380	0.0	638	98	histidine decarboxylase [Photobacterium angustum]
KP728805.1	GCF_036409375.1|WP_330960220.1	58.445	373	379	383	1.45e-163	467	98	histidine decarboxylase [Photobacterium sp. 53610]
KP728805.1	GCF_023151555.2|WP_305885160.1	58.445	373	379	374	3.35e-161	461	97	histidine decarboxylase [Photobacterium sp. CCB-ST2H9]
KP728805.1	GCF_000950375.1|WP_289844201.1	85.081	248	379	256	7.75e-158	447	65	histidine decarboxylase [Photobacterium angustum]
KP728805.1	GCF_000950355.1|WP_289844201.1	85.081	248	379	256	7.75e-158	447	65	histidine decarboxylase [Photobacterium angustum]
KP728805.1	GCF_000950275.1|WP_289844201.1	85.081	248	379	256	7.75e-158	447	65	histidine decarboxylase [Photobacterium angustum]
KP728805.1	GCF_000950015.1|WP_289844201.1	85.081	248	379	256	7.75e-158	447	65	histidine decarboxylase [Photobacterium angustum]
KP728805.1	GCF_000950375.1|WP_289844200.1	71.094	128	379	136	5.06e-61	197	34	PLP-dependent aminotransferase family protein [Photobacterium angustum]
KP728805.1	GCF_000950355.1|WP_289844200.1	71.094	128	379	136	5.06e-61	197	34	PLP-dependent aminotransferase family protein [Photobacterium angustum]
KP728805.1	GCF_000950275.1|WP_289844200.1	71.094	128	379	136	5.06e-61	197	34	PLP-dependent aminotransferase family protein [Photobacterium angustum]
KP728805.1	GCF_000950015.1|WP_289844200.1	71.094	128	379	136	5.06e-61	197	34	PLP-dependent aminotransferase family protein [Photobacterium angustum]
