Assembly Accession	Organism Name	Strain	Protein	pident	qcovs	has_hisS_nearby	has_transporter_nearby	same_strand_hisS	same_strand_transporter	Canonical_HDC_cluster
GCF_000176795.1	Photobacterium damselae subsp. damselae CIP 102761	CIP 102761	WP_005301029.1	99.735	99	True	True	True	True	True
GCF_000613045.3	Photobacterium kishitanii	ANT-2200	WP_036788792.1	81.989	98	True	True	True	True	True
GCF_000949965.1	Photobacterium kishitanii	GCSL-A1-3	WP_036788792.1	81.989	98	True	True	True	True	True
GCF_000950025.1	Photobacterium angustum	GCSL-A10-1	WP_045131090.1	80.914	98	True	True	True	True	True
GCF_000950075.1	Photobacterium kishitanii	GCSL-A1-2	WP_036788792.1	81.989	98	True	True	True	True	True
GCF_000950085.1	Photobacterium angustum	GCSL-A2-2	WP_045132719.1	80.914	98	True	True	True	True	True
GCF_000950095.1	Photobacterium kishitanii	ATCC BAA-1194	WP_036788792.1	81.989	98	True	True	True	True	True
GCF_000950135.1	Photobacterium kishitanii	GCSL-A1-1	WP_036788792.1	81.989	98	True	True	True	True	True
GCF_000950155.1	Photobacterium angustum	GCSL-A6	WP_045153999.1	80.914	98	True	True	True	True	True
GCF_000950185.1	Photobacterium angustum	GCSL-A10-3	WP_045131090.1	80.914	98	True	True	True	True	True
GCF_000950215.1	Photobacterium angustum	GCSL-A9	WP_045132719.1	80.914	98	True	True	True	True	True
GCF_000950225.1	Photobacterium angustum	GCSL-A10-2	WP_045131090.1	80.914	98	True	True	True	True	True
GCF_000950335.1	Photobacterium kishitanii	GCSL-A1-4	WP_036788792.1	81.989	98	True	True	True	True	True
GCF_001455895.1	Photobacterium kishitanii	201212X	WP_036788792.1	81.989	98	True	True	True	True	True
GCF_001676065.1	Photobacterium aquimaris	BS-2	WP_065167963.1	81.989	98	True	True	True	True	True
GCF_001676075.1	Photobacterium aquimaris	BS-1	WP_065167963.1	81.989	98	True	True	True	True	True
GCF_001676215.1	Photobacterium kishitanii	DSM 2167	WP_036788792.1	81.989	98	True	True	True	True	True
GCF_001676235.1	Photobacterium kishitanii	calba1_1	WP_065190614.1	81.72	98	True	True	True	True	True
GCF_001707815.1	Photobacterium damselae subsp. damselae	LD-07	WP_068969528.1	99.735	99	True	True	True	True	True
GCF_001708035.2	Photobacterium damselae subsp. damselae	RM-71	WP_068946983.1	100.0	99	True	True	True	True	True
GCF_002142615.1	Photobacterium damselae subsp. damselae	KC-Na-1	WP_068946983.1	100.0	99	True	True	True	True	True
GCF_003004505.1	Photobacterium damselae subsp. damselae	940804-1/2	WP_068946983.1	100.0	99	True	True	True	True	True
GCF_003004585.1	Photobacterium damselae subsp. damselae	940804-1/1	WP_106142172.1	99.471	99	True	True	True	True	True
GCF_003025535.1	Photobacterium kishitanii	DSMZ 2167	WP_065190614.1	81.72	98	True	True	True	True	True
GCF_003025625.1	Photobacterium aquimaris	BS2	WP_065167963.1	81.989	98	True	True	True	True	True
GCF_003025895.1	Photobacterium kishitanii	ckamo.1.1	WP_036788792.1	81.989	98	True	True	True	True	True
GCF_003025935.1	Photobacterium kishitanii	FS-7.1	WP_036788792.1	81.989	98	True	True	True	True	True
GCF_003025945.1	Photobacterium kishitanii	B-421	WP_036788792.1	81.989	98	True	True	True	True	True
GCF_003025975.1	Photobacterium kishitanii	pjapo.1.1	WP_036788792.1	81.989	98	True	True	True	True	True
GCF_003025995.1	Photobacterium kishitanii	Og61	WP_036788792.1	81.989	98	True	True	True	True	True
GCF_003026335.1	Photobacterium angustum	ATCC 33977	WP_045132719.1	80.914	98	True	True	True	True	True
GCF_003026355.1	Photobacterium kishitanii	ATCC BAA-1194	WP_036788792.1	81.989	98	True	True	True	True	True
GCF_003026515.1	Photobacterium aquimaris	BS1	WP_065167963.1	81.989	98	True	True	True	True	True
GCF_003026635.1	Photobacterium kishitanii	FS-8.1	WP_036788792.1	81.989	98	True	True	True	True	True
GCF_003026655.1	Photobacterium kishitanii	calba.1.1	WP_065190614.1	81.72	98	True	True	True	True	True
GCF_003026675.1	Photobacterium kishitanii	NCIMB 844	WP_036788792.1	81.989	98	True	True	True	True	True
GCF_003026815.1	Photobacterium damselae	ATCC 33539	WP_005301029.1	99.735	99	True	True	True	True	True
GCF_003026835.1	Photobacterium angustum	A10-2	WP_045131090.1	80.914	98	True	True	True	True	True
GCF_003026895.1	Photobacterium angustum	A2-4	WP_045132719.1	80.914	98	True	True	True	True	True
GCF_003026905.1	Photobacterium angustum	A10-1	WP_045131090.1	80.914	98	True	True	True	True	True
GCF_003026935.1	Photobacterium angustum	A9-1	WP_045132719.1	80.914	98	True	True	True	True	True
GCF_003026955.1	Photobacterium angustum	A6-1	WP_045153999.1	80.914	98	True	True	True	True	True
GCF_003026975.1	Photobacterium kishitanii	A1-3	WP_036788792.1	81.989	98	True	True	True	True	True
GCF_003026995.1	Photobacterium angustum	A2-2	WP_045132719.1	80.914	98	True	True	True	True	True
GCF_003027015.1	Photobacterium angustum	A2-1	WP_045132719.1	80.914	98	True	True	True	True	True
GCF_003027035.1	Photobacterium kishitanii	A1-2	WP_036788792.1	81.989	98	True	True	True	True	True
GCF_003027055.1	Photobacterium kishitanii	A1-1	WP_036788792.1	81.989	98	True	True	True	True	True
GCF_003027075.1	Photobacterium angustum	A10-3	WP_045131090.1	80.914	98	True	True	True	True	True
GCF_003027095.1	Photobacterium angustum	A2-3	WP_045132719.1	80.914	98	True	True	True	True	True
GCF_003027115.1	Photobacterium kishitanii	A1-4	WP_036788792.1	81.989	98	True	True	True	True	True
GCF_003130755.1	Photobacterium damselae	Phdp Wu-1	WP_106142172.1	99.471	99	True	True	True	True	True
GCF_004135105.1	Photobacterium damselae subsp. damselae	KC-Na-NB1	WP_068946983.1	100.0	99	True	True	True	True	True
GCF_004794735.1	Photobacterium damselae subsp. damselae	JM-2017	WP_068946983.1	100.0	99	True	True	True	True	True
GCF_008806825.1	Photobacterium damselae subsp. damselae	80077637	WP_068946983.1	100.0	99	True	True	True	True	True
GCF_009665375.1	Photobacterium damselae	2012V-1072	WP_068946983.1	100.0	99	True	True	True	True	True
GCF_013377605.1	Photobacterium damselae subsp. damselae	CDC-1421-81	WP_068946983.1	100.0	99	True	True	True	True	True
GCF_013377775.1	Photobacterium damselae subsp. damselae	82dy-OG8	WP_068946983.1	100.0	99	True	True	True	True	True
GCF_014042565.1	Photobacterium damselae subsp. damselae	125dy-OG11	WP_068946983.1	100.0	99	True	True	True	True	True
GCF_014525015.1	Photobacterium damselae	727-82	WP_068946983.1	100.0	99	True	True	True	True	True
GCF_015602445.1	Photobacterium damselae	DSM 110634	WP_068946983.1	100.0	99	True	True	True	True	True
GCF_021765875.1	Photobacterium damselae subsp. damselae	CSP DAM2	WP_068969528.1	99.735	99	True	True	True	True	True
GCF_021766015.1	Photobacterium damselae subsp. damselae	CSP DAM1	WP_068969528.1	99.735	99	True	True	True	True	True
GCF_021768345.1	Photobacterium damselae subsp. damselae	AS-16-0963-1	WP_237041112.1	99.735	99	True	True	True	True	True
GCF_021768365.1	Photobacterium damselae subsp. damselae	AS-15-3942-9	WP_237034753.1	99.471	99	True	True	True	True	True
GCF_021768405.1	Photobacterium damselae subsp. damselae	AS-15-3942-7	WP_237034753.1	99.471	99	True	True	True	True	True
GCF_021768425.1	Photobacterium damselae subsp. damselae	AS-15-0759-2	WP_068946983.1	100.0	99	True	True	True	True	True
GCF_022129485.1	Photobacterium damselae	Ph7	WP_068946983.1	100.0	99	True	True	True	True	True
GCF_022129505.1	Photobacterium damselae	Ph4	WP_068946983.1	100.0	99	True	True	True	True	True
GCF_022129605.1	Photobacterium damselae	Ph3	WP_068946983.1	100.0	99	True	True	True	True	True
GCF_030168795.1	Photobacterium damselae	Pdd1605	WP_068946983.1	100.0	99	True	True	True	True	True
GCF_030168855.1	Photobacterium damselae	Pdd1411	WP_068969528.1	99.735	99	True	True	True	True	True
GCF_030169005.1	Photobacterium damselae	Pdd2008	WP_284633720.1	99.735	99	True	True	True	True	True
GCF_030169045.1	Photobacterium damselae	Pdd1608	WP_068946983.1	100.0	99	True	True	True	True	True
GCF_030716765.1	Photobacterium kishitanii	calba1.1	WP_065190614.1	81.72	98	True	True	True	True	True
GCF_030717005.1	Photobacterium kishitanii	ahane1.5	WP_036788792.1	81.989	98	True	True	True	True	True
GCF_037997135.1	Photobacterium damselae subsp. piscicida	NH-LM2	WP_340642361.1	99.733	99	True	True	True	True	True
GCF_038086615.1	Photobacterium damselae subsp. damselae	WMD-P1	WP_068946983.1	100.0	99	True	True	True	True	True
GCF_050875365.1	Photobacterium damselae	063	WP_068946983.1	100.0	99	True	True	True	True	True
GCF_052873895.1	Photobacterium damselae	PNB23_22_8	WP_068946983.1	100.0	99	True	True	True	True	True
GCF_052877355.1	Photobacterium damselae	PNB23_20_2	WP_068969528.1	99.735	99	True	True	True	True	True
GCF_052877375.1	Photobacterium damselae	PNB23_20_10	WP_068969528.1	99.735	99	True	True	True	True	True
GCF_052877475.1	Photobacterium damselae	PBN23_20_6	WP_068969528.1	99.735	99	True	True	True	True	True
GCF_052878335.1	Photobacterium damselae	DNB23_24_5	WP_068946983.1	100.0	99	True	True	True	True	True
GCF_052878375.1	Photobacterium damselae	DNB23_24_2	WP_068969528.1	99.735	99	True	True	True	True	True
GCF_053850225.1	Photobacterium damselae subsp. damselae	SNUABM-JN1	WP_068946983.1	100.0	99	True	True	True	True	True
GCF_054486525.1	Photobacterium damselae	BV30	WP_068969528.1	99.735	99	True	True	True	True	True
GCF_056675655.1	Photobacterium damselae subsp. damselae	OF2	WP_106142172.1	99.471	99	True	True	True	True	True
GCF_057063665.1	Photobacterium damselae subsp. damselae	SF21	WP_068946983.1	100.0	99	True	True	True	True	True
GCF_057922655.1	Photobacterium damselae	P08	WP_068946983.1	100.0	99	True	True	True	True	True
GCF_057922685.1	Photobacterium damselae	T08	WP_068946983.1	100.0	99	True	True	True	True	True
GCF_059492265.1	Photobacterium damselae subsp. damselae	GCUPdd	WP_068946983.1	100.0	99	True	True	True	True	True
GCF_059735745.1	Photobacterium damselae	HNDF01	WP_068969528.1	99.735	99	True	True	True	True	True
GCF_059784805.1	Photobacterium damselae subsp. damselae	YC211109	WP_068946983.1	100.0	99	True	True	True	True	True
GCF_900185565.1	Photobacterium aquimaris	CECT 9191	WP_065167963.1	81.989	98	True	True	True	True	True
GCF_900185625.1	Photobacterium andalusiense	CECT 9192T	WP_065167963.1	81.989	98	True	True	True	True	True
GCF_900454585.1	Photobacterium damselae	NCTC11647	WP_005301029.1	99.735	99	True	True	True	True	True
GCF_900454595.1	Photobacterium damselae	NCTC11648	WP_068946983.1	100.0	99	True	True	True	True	True
GCF_900454675.1	Photobacterium damselae	NCTC11646	WP_068946983.1	100.0	99	True	True	True	True	True
GCF_900537155.1	Photobacterium sp. Alg240-V54		WP_065167963.1	81.989	98	True	True	True	True	True
