qseqid	sseqid	pident	length	qlen	slen	evalue	bitscore	qcovs	stitle	Assembly Accession	Organism Name	Organism Infraspecific Names Strain
KP728803.1	GCF_000176795.1|WP_005301029.1	99.735	378	379	378	0.0	790	99	histidine decarboxylase [Photobacterium damselae]	GCF_000176795.1	Photobacterium damselae subsp. damselae CIP 102761	CIP 102761
KP728804.1	GCF_000613045.3|WP_036788792.1	81.989	372	379	380	0.0	650	98	histidine decarboxylase [Photobacterium kishitanii]	GCF_000613045.3	Photobacterium kishitanii	ANT-2200
KP728804.1	GCF_000949965.1|WP_036788792.1	81.989	372	379	380	0.0	650	98	histidine decarboxylase [Photobacterium kishitanii]	GCF_000949965.1	Photobacterium kishitanii	GCSL-A1-3
KP728804.1	GCF_000950025.1|WP_045131090.1	80.914	372	379	380	0.0	641	98	histidine decarboxylase [Photobacterium angustum]	GCF_000950025.1	Photobacterium angustum	GCSL-A10-1
KP728804.1	GCF_000950075.1|WP_036788792.1	81.989	372	379	380	0.0	650	98	histidine decarboxylase [Photobacterium kishitanii]	GCF_000950075.1	Photobacterium kishitanii	GCSL-A1-2
KP728803.1	GCF_000950085.1|WP_045132719.1	80.914	372	379	380	0.0	642	98	histidine decarboxylase [Photobacterium angustum]	GCF_000950085.1	Photobacterium angustum	GCSL-A2-2
KP728804.1	GCF_000950095.1|WP_036788792.1	81.989	372	379	380	0.0	650	98	histidine decarboxylase [Photobacterium kishitanii]	GCF_000950095.1	Photobacterium kishitanii	ATCC BAA-1194
KP728804.1	GCF_000950135.1|WP_036788792.1	81.989	372	379	380	0.0	650	98	histidine decarboxylase [Photobacterium kishitanii]	GCF_000950135.1	Photobacterium kishitanii	GCSL-A1-1
KP728803.1	GCF_000950155.1|WP_045153999.1	80.914	372	379	380	0.0	641	98	histidine decarboxylase [Photobacterium angustum]	GCF_000950155.1	Photobacterium angustum	GCSL-A6
KP728804.1	GCF_000950185.1|WP_045131090.1	80.914	372	379	380	0.0	641	98	histidine decarboxylase [Photobacterium angustum]	GCF_000950185.1	Photobacterium angustum	GCSL-A10-3
KP728803.1	GCF_000950215.1|WP_045132719.1	80.914	372	379	380	0.0	642	98	histidine decarboxylase [Photobacterium angustum]	GCF_000950215.1	Photobacterium angustum	GCSL-A9
KP728804.1	GCF_000950225.1|WP_045131090.1	80.914	372	379	380	0.0	641	98	histidine decarboxylase [Photobacterium angustum]	GCF_000950225.1	Photobacterium angustum	GCSL-A10-2
KP728804.1	GCF_000950335.1|WP_036788792.1	81.989	372	379	380	0.0	650	98	histidine decarboxylase [Photobacterium kishitanii]	GCF_000950335.1	Photobacterium kishitanii	GCSL-A1-4
KP728804.1	GCF_001455895.1|WP_036788792.1	81.989	372	379	380	0.0	650	98	histidine decarboxylase [Photobacterium kishitanii]	GCF_001455895.1	Photobacterium kishitanii	201212X
KP728803.1	GCF_001676065.1|WP_065167963.1	81.989	372	379	380	0.0	651	98	MULTISPECIES: histidine decarboxylase [Photobacterium]	GCF_001676065.1	Photobacterium aquimaris	BS-2
KP728803.1	GCF_001676075.1|WP_065167963.1	81.989	372	379	380	0.0	651	98	MULTISPECIES: histidine decarboxylase [Photobacterium]	GCF_001676075.1	Photobacterium aquimaris	BS-1
KP728804.1	GCF_001676215.1|WP_036788792.1	81.989	372	379	380	0.0	650	98	histidine decarboxylase [Photobacterium kishitanii]	GCF_001676215.1	Photobacterium kishitanii	DSM 2167
KP728804.1	GCF_001676235.1|WP_065190614.1	81.72	372	379	380	0.0	647	98	histidine decarboxylase [Photobacterium kishitanii]	GCF_001676235.1	Photobacterium kishitanii	calba1_1
KP728803.1	GCF_001707815.1|WP_068969528.1	99.735	378	379	378	0.0	790	99	histidine decarboxylase [Photobacterium damselae]	GCF_001707815.1	Photobacterium damselae subsp. damselae	LD-07
KP728803.1	GCF_001708035.2|WP_068946983.1	100.0	378	379	378	0.0	791	99	histidine decarboxylase [Photobacterium damselae]	GCF_001708035.2	Photobacterium damselae subsp. damselae	RM-71
KP728803.1	GCF_002142615.1|WP_068946983.1	100.0	378	379	378	0.0	791	99	histidine decarboxylase [Photobacterium damselae]	GCF_002142615.1	Photobacterium damselae subsp. damselae	KC-Na-1
KP728803.1	GCF_003004505.1|WP_068946983.1	100.0	378	379	378	0.0	791	99	histidine decarboxylase [Photobacterium damselae]	GCF_003004505.1	Photobacterium damselae subsp. damselae	940804-1/2
KP728804.1	GCF_003004585.1|WP_106142172.1	99.471	378	379	378	0.0	787	99	histidine decarboxylase [Photobacterium damselae]	GCF_003004585.1	Photobacterium damselae subsp. damselae	940804-1/1
KP728804.1	GCF_003025535.1|WP_065190614.1	81.72	372	379	380	0.0	647	98	histidine decarboxylase [Photobacterium kishitanii]	GCF_003025535.1	Photobacterium kishitanii	DSMZ 2167
KP728803.1	GCF_003025625.1|WP_065167963.1	81.989	372	379	380	0.0	651	98	MULTISPECIES: histidine decarboxylase [Photobacterium]	GCF_003025625.1	Photobacterium aquimaris	BS2
KP728804.1	GCF_003025895.1|WP_036788792.1	81.989	372	379	380	0.0	650	98	histidine decarboxylase [Photobacterium kishitanii]	GCF_003025895.1	Photobacterium kishitanii	ckamo.1.1
KP728804.1	GCF_003025935.1|WP_036788792.1	81.989	372	379	380	0.0	650	98	histidine decarboxylase [Photobacterium kishitanii]	GCF_003025935.1	Photobacterium kishitanii	FS-7.1
KP728804.1	GCF_003025945.1|WP_036788792.1	81.989	372	379	380	0.0	650	98	histidine decarboxylase [Photobacterium kishitanii]	GCF_003025945.1	Photobacterium kishitanii	B-421
KP728804.1	GCF_003025975.1|WP_036788792.1	81.989	372	379	380	0.0	650	98	histidine decarboxylase [Photobacterium kishitanii]	GCF_003025975.1	Photobacterium kishitanii	pjapo.1.1
KP728804.1	GCF_003025995.1|WP_036788792.1	81.989	372	379	380	0.0	650	98	histidine decarboxylase [Photobacterium kishitanii]	GCF_003025995.1	Photobacterium kishitanii	Og61
KP728803.1	GCF_003026335.1|WP_045132719.1	80.914	372	379	380	0.0	642	98	histidine decarboxylase [Photobacterium angustum]	GCF_003026335.1	Photobacterium angustum	ATCC 33977
KP728804.1	GCF_003026355.1|WP_036788792.1	81.989	372	379	380	0.0	650	98	histidine decarboxylase [Photobacterium kishitanii]	GCF_003026355.1	Photobacterium kishitanii	ATCC BAA-1194
KP728803.1	GCF_003026515.1|WP_065167963.1	81.989	372	379	380	0.0	651	98	MULTISPECIES: histidine decarboxylase [Photobacterium]	GCF_003026515.1	Photobacterium aquimaris	BS1
KP728804.1	GCF_003026635.1|WP_036788792.1	81.989	372	379	380	0.0	650	98	histidine decarboxylase [Photobacterium kishitanii]	GCF_003026635.1	Photobacterium kishitanii	FS-8.1
KP728804.1	GCF_003026655.1|WP_065190614.1	81.72	372	379	380	0.0	647	98	histidine decarboxylase [Photobacterium kishitanii]	GCF_003026655.1	Photobacterium kishitanii	calba.1.1
KP728804.1	GCF_003026675.1|WP_036788792.1	81.989	372	379	380	0.0	650	98	histidine decarboxylase [Photobacterium kishitanii]	GCF_003026675.1	Photobacterium kishitanii	NCIMB 844
KP728803.1	GCF_003026815.1|WP_005301029.1	99.735	378	379	378	0.0	790	99	histidine decarboxylase [Photobacterium damselae]	GCF_003026815.1	Photobacterium damselae	ATCC 33539
KP728804.1	GCF_003026835.1|WP_045131090.1	80.914	372	379	380	0.0	641	98	histidine decarboxylase [Photobacterium angustum]	GCF_003026835.1	Photobacterium angustum	A10-2
KP728803.1	GCF_003026895.1|WP_045132719.1	80.914	372	379	380	0.0	642	98	histidine decarboxylase [Photobacterium angustum]	GCF_003026895.1	Photobacterium angustum	A2-4
KP728804.1	GCF_003026905.1|WP_045131090.1	80.914	372	379	380	0.0	641	98	histidine decarboxylase [Photobacterium angustum]	GCF_003026905.1	Photobacterium angustum	A10-1
KP728804.1	GCF_003026935.1|WP_045132719.1	80.914	372	379	380	0.0	642	98	histidine decarboxylase [Photobacterium angustum]	GCF_003026935.1	Photobacterium angustum	A9-1
KP728803.1	GCF_003026955.1|WP_045153999.1	80.914	372	379	380	0.0	641	98	histidine decarboxylase [Photobacterium angustum]	GCF_003026955.1	Photobacterium angustum	A6-1
KP728804.1	GCF_003026975.1|WP_036788792.1	81.989	372	379	380	0.0	650	98	histidine decarboxylase [Photobacterium kishitanii]	GCF_003026975.1	Photobacterium kishitanii	A1-3
KP728804.1	GCF_003026995.1|WP_045132719.1	80.914	372	379	380	0.0	642	98	histidine decarboxylase [Photobacterium angustum]	GCF_003026995.1	Photobacterium angustum	A2-2
KP728803.1	GCF_003027015.1|WP_045132719.1	80.914	372	379	380	0.0	642	98	histidine decarboxylase [Photobacterium angustum]	GCF_003027015.1	Photobacterium angustum	A2-1
KP728804.1	GCF_003027035.1|WP_036788792.1	81.989	372	379	380	0.0	650	98	histidine decarboxylase [Photobacterium kishitanii]	GCF_003027035.1	Photobacterium kishitanii	A1-2
KP728804.1	GCF_003027055.1|WP_036788792.1	81.989	372	379	380	0.0	650	98	histidine decarboxylase [Photobacterium kishitanii]	GCF_003027055.1	Photobacterium kishitanii	A1-1
KP728804.1	GCF_003027075.1|WP_045131090.1	80.914	372	379	380	0.0	641	98	histidine decarboxylase [Photobacterium angustum]	GCF_003027075.1	Photobacterium angustum	A10-3
KP728803.1	GCF_003027095.1|WP_045132719.1	80.914	372	379	380	0.0	642	98	histidine decarboxylase [Photobacterium angustum]	GCF_003027095.1	Photobacterium angustum	A2-3
KP728804.1	GCF_003027115.1|WP_036788792.1	81.989	372	379	380	0.0	650	98	histidine decarboxylase [Photobacterium kishitanii]	GCF_003027115.1	Photobacterium kishitanii	A1-4
KP728804.1	GCF_003130755.1|WP_106142172.1	99.471	378	379	378	0.0	787	99	histidine decarboxylase [Photobacterium damselae]	GCF_003130755.1	Photobacterium damselae	Phdp Wu-1
KP728803.1	GCF_004135105.1|WP_068946983.1	100.0	378	379	378	0.0	791	99	histidine decarboxylase [Photobacterium damselae]	GCF_004135105.1	Photobacterium damselae subsp. damselae	KC-Na-NB1
KP728803.1	GCF_004794735.1|WP_068946983.1	100.0	378	379	378	0.0	791	99	histidine decarboxylase [Photobacterium damselae]	GCF_004794735.1	Photobacterium damselae subsp. damselae	JM-2017
KP728803.1	GCF_008806825.1|WP_068946983.1	100.0	378	379	378	0.0	791	99	histidine decarboxylase [Photobacterium damselae]	GCF_008806825.1	Photobacterium damselae subsp. damselae	80077637
KP728803.1	GCF_009665375.1|WP_068946983.1	100.0	378	379	378	0.0	791	99	histidine decarboxylase [Photobacterium damselae]	GCF_009665375.1	Photobacterium damselae	2012V-1072
KP728803.1	GCF_013377605.1|WP_068946983.1	100.0	378	379	378	0.0	791	99	histidine decarboxylase [Photobacterium damselae]	GCF_013377605.1	Photobacterium damselae subsp. damselae	CDC-1421-81
KP728803.1	GCF_013377775.1|WP_068946983.1	100.0	378	379	378	0.0	791	99	histidine decarboxylase [Photobacterium damselae]	GCF_013377775.1	Photobacterium damselae subsp. damselae	82dy-OG8
KP728803.1	GCF_014042565.1|WP_068946983.1	100.0	378	379	378	0.0	791	99	histidine decarboxylase [Photobacterium damselae]	GCF_014042565.1	Photobacterium damselae subsp. damselae	125dy-OG11
KP728803.1	GCF_014525015.1|WP_068946983.1	100.0	378	379	378	0.0	791	99	histidine decarboxylase [Photobacterium damselae]	GCF_014525015.1	Photobacterium damselae	727-82
KP728803.1	GCF_015602445.1|WP_068946983.1	100.0	378	379	378	0.0	791	99	histidine decarboxylase [Photobacterium damselae]	GCF_015602445.1	Photobacterium damselae	DSM 110634
KP728803.1	GCF_021765875.1|WP_068969528.1	99.735	378	379	378	0.0	790	99	histidine decarboxylase [Photobacterium damselae]	GCF_021765875.1	Photobacterium damselae subsp. damselae	CSP DAM2
KP728803.1	GCF_021766015.1|WP_068969528.1	99.735	378	379	378	0.0	790	99	histidine decarboxylase [Photobacterium damselae]	GCF_021766015.1	Photobacterium damselae subsp. damselae	CSP DAM1
KP728803.1	GCF_021768345.1|WP_237041112.1	99.735	378	379	378	0.0	790	99	histidine decarboxylase [Photobacterium damselae]	GCF_021768345.1	Photobacterium damselae subsp. damselae	AS-16-0963-1
KP728804.1	GCF_021768365.1|WP_237034753.1	99.471	378	379	378	0.0	787	99	histidine decarboxylase [Photobacterium damselae]	GCF_021768365.1	Photobacterium damselae subsp. damselae	AS-15-3942-9
KP728804.1	GCF_021768405.1|WP_237034753.1	99.471	378	379	378	0.0	787	99	histidine decarboxylase [Photobacterium damselae]	GCF_021768405.1	Photobacterium damselae subsp. damselae	AS-15-3942-7
KP728803.1	GCF_021768425.1|WP_068946983.1	100.0	378	379	378	0.0	791	99	histidine decarboxylase [Photobacterium damselae]	GCF_021768425.1	Photobacterium damselae subsp. damselae	AS-15-0759-2
KP728803.1	GCF_022129485.1|WP_068946983.1	100.0	378	379	378	0.0	791	99	histidine decarboxylase [Photobacterium damselae]	GCF_022129485.1	Photobacterium damselae	Ph7
KP728804.1	GCF_022129505.1|WP_068946983.1	100.0	378	379	378	0.0	791	99	histidine decarboxylase [Photobacterium damselae]	GCF_022129505.1	Photobacterium damselae	Ph4
KP728804.1	GCF_022129605.1|WP_068946983.1	100.0	378	379	378	0.0	791	99	histidine decarboxylase [Photobacterium damselae]	GCF_022129605.1	Photobacterium damselae	Ph3
KP728803.1	GCF_030168795.1|WP_068946983.1	100.0	378	379	378	0.0	791	99	histidine decarboxylase [Photobacterium damselae]	GCF_030168795.1	Photobacterium damselae	Pdd1605
KP728803.1	GCF_030168855.1|WP_068969528.1	99.735	378	379	378	0.0	790	99	histidine decarboxylase [Photobacterium damselae]	GCF_030168855.1	Photobacterium damselae	Pdd1411
KP728803.1	GCF_030169005.1|WP_284633720.1	99.735	378	379	378	0.0	790	99	histidine decarboxylase [Photobacterium damselae]	GCF_030169005.1	Photobacterium damselae	Pdd2008
KP728803.1	GCF_030169045.1|WP_068946983.1	100.0	378	379	378	0.0	791	99	histidine decarboxylase [Photobacterium damselae]	GCF_030169045.1	Photobacterium damselae	Pdd1608
KP728804.1	GCF_030716765.1|WP_065190614.1	81.72	372	379	380	0.0	647	98	histidine decarboxylase [Photobacterium kishitanii]	GCF_030716765.1	Photobacterium kishitanii	calba1.1
KP728804.1	GCF_030717005.1|WP_036788792.1	81.989	372	379	380	0.0	650	98	histidine decarboxylase [Photobacterium kishitanii]	GCF_030717005.1	Photobacterium kishitanii	ahane1.5
KP728803.1	GCF_037997135.1|WP_340642361.1	99.733	374	379	374	0.0	782	99	histidine decarboxylase [Photobacterium damselae]	GCF_037997135.1	Photobacterium damselae subsp. piscicida	NH-LM2
KP728803.1	GCF_038086615.1|WP_068946983.1	100.0	378	379	378	0.0	791	99	histidine decarboxylase [Photobacterium damselae]	GCF_038086615.1	Photobacterium damselae subsp. damselae	WMD-P1
KP728803.1	GCF_050875365.1|WP_068946983.1	100.0	378	379	378	0.0	791	99	histidine decarboxylase [Photobacterium damselae]	GCF_050875365.1	Photobacterium damselae	063
KP728803.1	GCF_052873895.1|WP_068946983.1	100.0	378	379	378	0.0	791	99	histidine decarboxylase [Photobacterium damselae]	GCF_052873895.1	Photobacterium damselae	PNB23_22_8
KP728804.1	GCF_052877355.1|WP_068969528.1	99.735	378	379	378	0.0	790	99	histidine decarboxylase [Photobacterium damselae]	GCF_052877355.1	Photobacterium damselae	PNB23_20_2
KP728804.1	GCF_052877375.1|WP_068969528.1	99.735	378	379	378	0.0	790	99	histidine decarboxylase [Photobacterium damselae]	GCF_052877375.1	Photobacterium damselae	PNB23_20_10
KP728804.1	GCF_052877475.1|WP_068969528.1	99.735	378	379	378	0.0	790	99	histidine decarboxylase [Photobacterium damselae]	GCF_052877475.1	Photobacterium damselae	PBN23_20_6
KP728803.1	GCF_052878335.1|WP_068946983.1	100.0	378	379	378	0.0	791	99	histidine decarboxylase [Photobacterium damselae]	GCF_052878335.1	Photobacterium damselae	DNB23_24_5
KP728804.1	GCF_052878375.1|WP_068969528.1	99.735	378	379	378	0.0	790	99	histidine decarboxylase [Photobacterium damselae]	GCF_052878375.1	Photobacterium damselae	DNB23_24_2
KP728803.1	GCF_053850225.1|WP_068946983.1	100.0	378	379	378	0.0	791	99	histidine decarboxylase [Photobacterium damselae]	GCF_053850225.1	Photobacterium damselae subsp. damselae	SNUABM-JN1
KP728803.1	GCF_054486525.1|WP_068969528.1	99.735	378	379	378	0.0	790	99	histidine decarboxylase [Photobacterium damselae]	GCF_054486525.1	Photobacterium damselae	BV30
KP728804.1	GCF_056675655.1|WP_106142172.1	99.471	378	379	378	0.0	787	99	histidine decarboxylase [Photobacterium damselae]	GCF_056675655.1	Photobacterium damselae subsp. damselae	OF2
KP728803.1	GCF_057063665.1|WP_068946983.1	100.0	378	379	378	0.0	791	99	histidine decarboxylase [Photobacterium damselae]	GCF_057063665.1	Photobacterium damselae subsp. damselae	SF21
KP728804.1	GCF_057922655.1|WP_068946983.1	100.0	378	379	378	0.0	791	99	histidine decarboxylase [Photobacterium damselae]	GCF_057922655.1	Photobacterium damselae	P08
KP728804.1	GCF_057922685.1|WP_068946983.1	100.0	378	379	378	0.0	791	99	histidine decarboxylase [Photobacterium damselae]	GCF_057922685.1	Photobacterium damselae	T08
KP728803.1	GCF_059492265.1|WP_068946983.1	100.0	378	379	378	0.0	791	99	histidine decarboxylase [Photobacterium damselae]	GCF_059492265.1	Photobacterium damselae subsp. damselae	GCUPdd
KP728803.1	GCF_059735745.1|WP_068969528.1	99.735	378	379	378	0.0	790	99	histidine decarboxylase [Photobacterium damselae]	GCF_059735745.1	Photobacterium damselae	HNDF01
KP728803.1	GCF_059784805.1|WP_068946983.1	100.0	378	379	378	0.0	791	99	histidine decarboxylase [Photobacterium damselae]	GCF_059784805.1	Photobacterium damselae subsp. damselae	YC211109
KP728804.1	GCF_900185565.1|WP_065167963.1	81.989	372	379	380	0.0	651	98	MULTISPECIES: histidine decarboxylase [Photobacterium]	GCF_900185565.1	Photobacterium aquimaris	CECT 9191
KP728804.1	GCF_900185625.1|WP_065167963.1	81.989	372	379	380	0.0	651	98	MULTISPECIES: histidine decarboxylase [Photobacterium]	GCF_900185625.1	Photobacterium andalusiense	CECT 9192T
KP728803.1	GCF_900454585.1|WP_005301029.1	99.735	378	379	378	0.0	790	99	histidine decarboxylase [Photobacterium damselae]	GCF_900454585.1	Photobacterium damselae	NCTC11647
KP728804.1	GCF_900454595.1|WP_068946983.1	100.0	378	379	378	0.0	791	99	histidine decarboxylase [Photobacterium damselae]	GCF_900454595.1	Photobacterium damselae	NCTC11648
KP728804.1	GCF_900454675.1|WP_068946983.1	100.0	378	379	378	0.0	791	99	histidine decarboxylase [Photobacterium damselae]	GCF_900454675.1	Photobacterium damselae	NCTC11646
KP728803.1	GCF_900537155.1|WP_065167963.1	81.989	372	379	380	0.0	651	98	MULTISPECIES: histidine decarboxylase [Photobacterium]	GCF_900537155.1	Photobacterium sp. Alg240-V54	
