Assembly Accession	Organism Name	Strain	Protein	pident	qcovs	Contig	Distance_left_bp	Distance_right_bp	Context_Status
GCF_000613045.3	Photobacterium kishitanii	ANT-2200	WP_054262195.1	94.286	100	NZ_LN794353.1	1017217	641933	COMPLETE_CLUSTER
GCF_001676135.1	Photobacterium phosphoreum	AK-3	WP_065193859.1	100.0	100	NZ_LZFE01000067.1	52402	119431	COMPLETE_CLUSTER
GCF_001676195.1	Photobacterium phosphoreum	FS1_1	WP_065194415.1	99.87	100	NZ_LZFF01000006.1	9227	80177	COMPLETE_CLUSTER
GCF_001676275.1	Photobacterium phosphoreum	FS3_1	WP_202908000.1	97.405	85	NZ_LZFG01000058.1	18831	3033	COMPLETE_CLUSTER
GCF_003025775.1	Photobacterium phosphoreum	FS-4.2	WP_107303299.1	99.74	100	NZ_PYMS01000002.1	12	226570	COMPLETE_CLUSTER
GCF_003025795.1	Photobacterium phosphoreum	FS-2.1	WP_065194415.1	99.87	100	NZ_PYMX01000013.1	90798	1234	COMPLETE_CLUSTER
GCF_003025815.1	Photobacterium phosphoreum	FS-1.2	WP_338090079.1	99.607	99	NZ_PYMY01000076.1	1392	33	BOUNDARY_SUPPORTED
GCF_003025855.1	Photobacterium phosphoreum	FS-1.1	WP_065194415.1	99.87	100	NZ_PYMZ01000003.1	215599	236663	COMPLETE_CLUSTER
GCF_003025875.1	Photobacterium phosphoreum	AK-8	WP_338133856.1	89.136	99	NZ_PYNA01000114.1	1524	34	BOUNDARY_SUPPORTED
GCF_003025935.1	Photobacterium kishitanii	FS-7.1	WP_107226104.1	94.026	100	NZ_PYNG01000075.1	1923	3593	COMPLETE_CLUSTER
GCF_003025995.1	Photobacterium kishitanii	Og61	WP_054262195.1	94.286	100	NZ_PYNM01000007.1	318166	4760	COMPLETE_CLUSTER
GCF_003026545.1	Photobacterium phosphoreum	FS-2.3	WP_065194415.1	99.87	100	NZ_PYMV01000018.1	90699	1402	COMPLETE_CLUSTER
GCF_003026615.1	Photobacterium phosphoreum	AK-3	WP_065193859.1	100.0	100	NZ_PYND01000002.1	96216	281261	COMPLETE_CLUSTER
GCF_021236685.1	Photobacterium phosphoreum	TMW2.2130	WP_065194415.1	99.87	100	NZ_WMCW01000011.1	85081	71440	COMPLETE_CLUSTER
GCF_021236705.1	Photobacterium phosphoreum	TMW2.2126	WP_232573904.1	99.74	100	NZ_WMCX01000006.1	56115	115048	COMPLETE_CLUSTER
GCF_021236805.1	Photobacterium carnosum	TMW2.2187	WP_232575933.1	97.013	100	NZ_WMDD01000008.1	180178	31634	COMPLETE_CLUSTER
GCF_021237025.1	Photobacterium phosphoreum	TMW22033	WP_065194415.1	99.87	100	NZ_NQLT01000002.1	285058	176691	COMPLETE_CLUSTER
GCF_021237045.1	Photobacterium phosphoreum	TMW22034	WP_065194415.1	99.87	100	NZ_NQLU01000001.1	357240	317907	COMPLETE_CLUSTER
GCF_036040135.1	Photobacterium toruni	S2MW2	WP_327777331.1	97.659	99	NZ_JAYXUF010000024.1	7138	42410	COMPLETE_CLUSTER
GCF_059749295.1	Photobacterium phosphoreum		WP_107303299.1	99.74	100	NZ_JCAYQD010000015.1	83675	2876	COMPLETE_CLUSTER
GCF_059749375.1	Photobacterium phosphoreum		WP_065194415.1	99.87	100	NZ_JCAYQE010000085.1	10724	3856	COMPLETE_CLUSTER
GCF_059761445.1	Photobacterium phosphoreum		WP_107303299.1	99.74	100	NZ_JCAYPN010000002.1	84647	341022	COMPLETE_CLUSTER
GCF_059761485.1	Photobacterium phosphoreum		WP_107303299.1	99.74	100	NZ_JCAYPP010000002.1	184024	261074	COMPLETE_CLUSTER
GCF_059761525.1	Photobacterium phosphoreum		WP_107303299.1	99.74	100	NZ_JCAYPR010000002.1	92294	503437	COMPLETE_CLUSTER
GCF_059761545.1	Photobacterium phosphoreum		WP_498207788.1	99.61	100	NZ_JCAYPS010000009.1	3226	93053	COMPLETE_CLUSTER
GCF_059761565.1	Photobacterium phosphoreum		WP_065194415.1	99.87	100	NZ_JCAYPT010000013.1	2670	96242	COMPLETE_CLUSTER
GCF_059761605.1	Photobacterium phosphoreum		WP_498163305.1	99.733	97	NZ_JCAYPV010000234.1	0	1391	BOUNDARY_SUPPORTED
GCF_059761625.1	Photobacterium phosphoreum		WP_065194415.1	99.87	100	NZ_JCAYPW010000139.1	1879	1234	COMPLETE_CLUSTER
GCF_059761645.1	Photobacterium phosphoreum		WP_065194415.1	99.87	100	NZ_JCAYPX010000160.1	140	2840	BOUNDARY_SUPPORTED
GCF_059761705.1	Photobacterium phosphoreum		WP_107303299.1	99.74	100	NZ_JCAYQA010000007.1	85470	89082	COMPLETE_CLUSTER
GCF_059761725.1	Photobacterium phosphoreum		WP_413516788.1	99.74	100	NZ_JCAYQB010000021.1	83687	1874	COMPLETE_CLUSTER
GCF_059761745.1	Photobacterium phosphoreum		WP_413516788.1	99.74	100	NZ_JCAYQC010000009.1	1448	83687	COMPLETE_CLUSTER
GCF_949787665.1	Photobacterium phosphoreum	MIP2473	WP_107303299.1	99.74	100	NZ_OX460910.1	1410360	8552	COMPLETE_CLUSTER
GCF_965118505.1	Photobacterium phosphoreum	SF1731	WP_413516788.1	99.74	100	NZ_CBCPHZ010000011.1	49607	83568	COMPLETE_CLUSTER
GCF_965118525.1	Photobacterium phosphoreum	SF661-B	WP_107303299.1	99.74	100	NZ_CBCPIA010000002.1	52700	309293	COMPLETE_CLUSTER
GCF_965119175.1	Photobacterium phosphoreum	MIP2569	WP_413505860.1	99.74	100	NZ_CBCPKF010000009.1	49935	112323	COMPLETE_CLUSTER
