Assembly_Accession	Target_Genes	Single_Copy_Genes	Multiple_Copy_Families	Paralogs	Total_Detected
GCA_014775675.1	81	79	2	2	83
GCF_000153265.1	81	80	1	1	82
GCF_000176795.1	81	79	2	2	83
GCF_000196255.1	81	80	1	1	82
GCF_000300355.2	81	80	1	1	82
GCF_000425165.1	81	80	1	1	82
GCF_000509205.1	81	80	1	1	82
GCF_000613045.3	81	79	2	3	84
GCF_000808615.1	81	80	1	1	82
GCF_000949935.1	81	80	1	1	82
GCF_000949955.1	81	79	1	1	81
GCF_000949965.1	81	79	2	2	83
GCF_000950005.1	81	79	1	1	81
GCF_000950015.1	81	79	2	2	83
GCF_000950025.1	81	78	2	2	82
GCF_000950075.1	81	79	2	2	83
GCF_000950085.1	81	78	2	2	82
GCF_000950095.1	81	78	2	2	82
GCF_000950135.1	81	78	2	2	82
GCF_000950155.1	81	78	2	2	82
GCF_000950185.1	81	78	2	2	82
GCF_000950215.1	81	78	2	2	82
GCF_000950225.1	81	76	2	2	80
GCF_000950255.1	81	80	1	1	82
GCF_000950275.1	81	78	2	2	82
GCF_000950335.1	81	78	2	2	82
GCF_000950355.1	81	79	2	2	83
GCF_000950375.1	81	78	2	2	82
GCF_000950415.1	81	79	1	1	81
GCF_000950435.1	81	79	1	1	81
GCF_000972145.1	81	80	1	1	82
GCF_001029435.1	81	80	1	1	82
GCF_001029445.1	81	80	1	1	82
GCF_001029455.1	81	79	2	2	83
GCF_001455895.1	81	79	2	2	83
GCF_001557755.1	81	80	1	1	82
GCF_001558075.1	81	80	1	1	82
GCF_001558115.1	81	80	1	1	82
GCF_001650345.1	81	80	1	1	82
GCF_001676065.1	81	78	2	2	82
GCF_001676075.1	81	78	2	2	82
GCF_001676085.1	81	80	1	1	82
GCF_001676135.1	81	79	2	2	83
GCF_001676145.1	81	79	2	2	83
GCF_001676195.1	81	79	1	1	81
GCF_001676215.1	81	79	2	2	83
GCF_001676235.1	81	79	2	2	83
GCF_001676275.1	81	78	2	2	82
GCF_001707815.1	81	79	2	2	83
GCF_001708035.2	81	79	2	2	83
GCF_001729115.1	81	79	2	2	83
GCF_002142615.1	81	79	2	2	83
GCF_002157645.1	81	79	2	2	83
GCF_002356235.1	81	79	2	2	83
GCF_002849605.1	81	80	1	1	82
GCF_002954455.1	81	80	1	1	82
GCF_002954615.1	81	80	1	1	82
GCF_002954725.1	81	80	1	1	82
GCF_003004505.1	81	79	2	2	83
GCF_003004585.1	81	79	2	2	83
GCF_003004595.1	81	80	1	1	82
GCF_003004605.1	81	80	1	1	82
GCF_003025415.1	81	80	1	1	82
GCF_003025425.1	81	80	1	1	82
GCF_003025455.1	81	80	1	1	82
GCF_003025475.1	81	80	1	1	82
GCF_003025495.1	81	80	1	1	82
GCF_003025535.1	81	79	2	2	83
GCF_003025555.1	81	80	1	1	82
GCF_003025575.1	81	80	1	1	82
GCF_003025595.1	81	79	2	2	83
GCF_003025615.1	81	80	1	1	82
GCF_003025625.1	81	79	2	2	83
GCF_003025655.1	81	80	1	1	82
GCF_003025675.1	81	79	2	2	83
GCF_003025695.1	81	80	1	1	82
GCF_003025715.1	81	80	1	1	82
GCF_003025735.1	81	80	1	1	82
GCF_003025755.1	81	80	1	1	82
GCF_003025775.1	81	79	2	2	83
GCF_003025795.1	81	79	2	2	83
GCF_003025815.1	81	79	2	2	83
GCF_003025835.1	81	80	1	1	82
GCF_003025855.1	81	79	2	2	83
GCF_003025875.1	81	79	2	2	83
GCF_003025895.1	81	79	2	2	83
GCF_003025935.1	81	79	2	3	84
GCF_003025945.1	81	79	2	2	83
GCF_003025975.1	81	79	2	2	83
GCF_003025995.1	81	79	2	3	84
GCF_003026015.1	81	80	1	1	82
GCF_003026055.1	81	80	1	1	82
GCF_003026075.1	81	80	1	1	82
GCF_003026095.1	81	80	1	1	82
GCF_003026105.1	81	80	1	1	82
GCF_003026135.1	81	80	1	1	82
GCF_003026155.1	81	80	1	1	82
GCF_003026165.1	81	80	1	1	82
GCF_003026175.1	81	80	1	1	82
GCF_003026215.1	81	80	1	1	82
GCF_003026235.1	81	80	1	1	82
GCF_003026245.1	81	79	2	2	83
GCF_003026275.1	81	80	1	1	82
GCF_003026285.1	81	80	1	1	82
GCF_003026315.1	81	80	1	1	82
GCF_003026335.1	81	79	2	2	83
GCF_003026355.1	81	79	2	2	83
GCF_003026365.1	81	80	1	1	82
GCF_003026395.1	81	80	1	1	82
GCF_003026405.1	81	80	1	1	82
GCF_003026435.1	81	80	1	1	82
GCF_003026475.1	81	80	1	1	82
GCF_003026495.1	81	80	1	1	82
GCF_003026515.1	81	79	2	2	83
GCF_003026535.1	81	80	1	1	82
GCF_003026545.1	81	79	2	2	83
GCF_003026575.1	81	80	1	1	82
GCF_003026595.1	81	80	1	1	82
GCF_003026615.1	81	79	2	2	83
GCF_003026635.1	81	79	2	2	83
GCF_003026655.1	81	79	2	2	83
GCF_003026675.1	81	79	2	2	83
GCF_003026695.1	81	80	1	1	82
GCF_003026715.1	81	80	1	1	82
GCF_003026735.1	81	80	1	1	82
GCF_003026755.1	81	80	1	1	82
GCF_003026775.1	81	79	2	2	83
GCF_003026815.1	81	79	2	2	83
GCF_003026835.1	81	79	2	2	83
GCF_003026855.1	81	80	1	1	82
GCF_003026875.1	81	80	1	1	82
GCF_003026895.1	81	79	2	2	83
GCF_003026905.1	81	79	2	2	83
GCF_003026935.1	81	79	2	2	83
GCF_003026955.1	81	79	2	2	83
GCF_003026975.1	81	79	2	2	83
GCF_003026995.1	81	79	2	2	83
GCF_003027015.1	81	79	2	2	83
GCF_003027035.1	81	79	2	2	83
GCF_003027055.1	81	79	2	2	83
GCF_003027075.1	81	79	2	2	83
GCF_003027095.1	81	79	2	2	83
GCF_003027115.1	81	79	2	2	83
GCF_003028875.1	81	80	1	1	82
GCF_003130755.1	81	79	2	2	83
GCF_003355625.1	81	80	1	1	82
GCF_004135105.1	81	79	2	2	83
GCF_004363665.1	81	80	1	1	82
GCF_004683985.2	81	79	2	2	83
GCF_004794735.1	81	79	2	2	83
GCF_005048985.1	81	80	1	1	82
GCF_005819805.1	81	80	1	1	82
GCF_005819825.1	81	80	1	1	82
GCF_005819835.1	81	80	1	1	82
GCF_005819845.1	81	80	1	1	82
GCF_005819885.1	81	79	2	2	83
GCF_006124795.1	81	80	1	1	82
GCF_006124835.1	81	77	1	1	79
GCF_006124915.1	81	74	7	13	94
GCF_006297395.2	81	80	1	1	82
GCF_008806795.1	81	80	1	1	82
GCF_008806825.1	81	79	2	2	83
GCF_009389665.1	81	80	1	1	82
GCF_009665375.1	81	79	2	2	83
GCF_009763125.1	81	80	1	1	82
GCF_009874335.1	81	80	1	1	82
GCF_009904675.1	81	80	1	1	82
GCF_013371045.1	81	80	1	1	82
GCF_013371545.1	81	80	1	1	82
GCF_013377605.1	81	79	2	2	83
GCF_013377775.1	81	79	2	2	83
GCF_013377875.1	81	80	1	1	82
GCF_014042565.1	81	79	2	2	83
GCF_014525015.1	81	79	2	2	83
GCF_014525275.1	81	80	1	1	82
GCF_014652075.1	81	78	1	1	80
GCF_014775695.1	81	79	2	2	83
GCF_014930975.1	81	80	1	1	82
GCF_015602445.1	81	79	2	2	83
GCF_017329545.1	81	79	2	2	83
GCF_019084105.1	81	79	2	2	83
GCF_019781095.1	81	79	2	2	83
GCF_021236585.1	81	80	1	1	82
GCF_021236605.1	81	80	1	1	82
GCF_021236625.1	81	80	1	1	82
GCF_021236645.1	81	80	1	1	82
GCF_021236655.1	81	80	1	1	82
GCF_021236685.1	81	79	2	2	83
GCF_021236705.1	81	79	2	2	83
GCF_021236725.1	81	80	1	1	82
GCF_021236745.1	81	80	1	1	82
GCF_021236765.1	81	80	1	1	82
GCF_021236785.1	81	80	1	1	82
GCF_021236805.1	81	79	2	2	83
GCF_021236825.1	81	80	1	1	82
GCF_021236845.1	81	80	1	1	82
GCF_021236865.1	81	80	1	1	82
GCF_021236875.1	81	80	1	1	82
GCF_021236905.1	81	79	2	2	83
GCF_021236925.1	81	80	1	1	82
GCF_021236945.1	81	80	1	1	82
GCF_021236965.1	81	80	1	1	82
GCF_021236975.1	81	79	2	2	83
GCF_021236985.1	81	80	1	1	82
GCF_021237025.1	81	79	2	2	83
GCF_021237045.1	81	79	2	3	84
GCF_021237065.1	81	80	1	1	82
GCF_021432065.1	81	80	1	1	82
GCF_021504545.1	81	80	1	1	82
GCF_021504575.1	81	80	1	1	82
GCF_021504615.1	81	80	1	1	82
GCF_021504635.1	81	80	1	1	82
GCF_021504655.1	81	80	1	1	82
GCF_021504665.1	81	79	2	2	83
GCF_021504695.1	81	80	1	1	82
GCF_021504715.1	81	80	1	1	82
GCF_021765875.1	81	79	2	2	83
GCF_021766015.1	81	79	2	2	83
GCF_021768305.1	81	80	1	1	82
GCF_021768345.1	81	79	2	2	83
GCF_021768365.1	81	79	2	2	83
GCF_021768385.1	81	80	1	1	82
GCF_021768405.1	81	79	2	2	83
GCF_021768425.1	81	76	5	5	86
GCF_022129445.1	81	78	1	1	80
GCF_022129465.1	81	77	1	1	79
GCF_022129485.1	81	79	2	2	83
GCF_022129505.1	81	79	2	2	83
GCF_022129605.1	81	79	2	2	83
GCF_022129615.1	81	79	2	2	83
GCF_022129675.1	81	80	1	1	82
GCF_022398535.1	81	80	1	1	82
GCF_022398555.1	81	80	1	1	82
GCF_023151555.2	81	79	2	2	83
GCF_023973125.1	81	80	1	1	82
GCF_024346675.1	81	80	1	1	82
GCF_024346715.1	81	80	1	1	82
GCF_024357955.1	81	80	1	1	82
GCF_024380015.1	81	79	2	2	83
GCF_024494545.1	81	80	1	1	82
GCF_024529955.1	81	80	1	1	82
GCF_025398175.1	81	77	2	2	81
GCF_026001825.1	81	79	1	1	81
GCF_027923345.1	81	80	1	1	82
GCF_028439335.1	81	80	1	1	82
GCF_028621875.1	81	79	2	2	83
GCF_030168795.1	81	79	2	2	83
GCF_030168835.1	81	79	2	2	83
GCF_030168855.1	81	79	2	2	83
GCF_030169005.1	81	79	2	2	83
GCF_030169025.1	81	80	1	1	82
GCF_030169045.1	81	79	2	2	83
GCF_030547045.1	81	80	1	1	82
GCF_030547825.1	81	80	1	1	82
GCF_030685295.1	81	79	1	1	81
GCF_030685315.1	81	80	1	1	82
GCF_030685335.1	81	80	1	1	82
GCF_030685355.1	81	80	1	1	82
GCF_030685375.1	81	80	1	1	82
GCF_030685395.1	81	80	1	1	82
GCF_030685415.1	81	80	1	1	82
GCF_030685435.1	81	80	1	1	82
GCF_030685455.1	81	80	1	1	82
GCF_030685475.1	81	80	1	1	82
GCF_030685515.1	81	80	1	1	82
GCF_030685535.1	81	80	1	1	82
GCF_030685555.1	81	80	1	1	82
GCF_030685575.1	81	80	1	1	82
GCF_030716725.1	81	79	2	2	83
GCF_030716765.1	81	79	2	2	83
GCF_030716825.1	81	80	1	1	82
GCF_030716845.1	81	80	1	1	82
GCF_030716865.1	81	80	1	1	82
GCF_030716875.1	81	78	2	2	82
GCF_030716925.1	81	80	1	1	82
GCF_030716945.1	81	79	1	1	81
GCF_030716965.1	81	80	1	1	82
GCF_030716975.1	81	80	1	1	82
GCF_030716995.1	81	80	1	1	82
GCF_030717005.1	81	53	28	28	109
GCF_033446985.1	81	80	1	1	82
GCF_033447015.1	81	80	1	1	82
GCF_033447345.1	81	80	1	1	82
GCF_033447365.1	81	80	1	1	82
GCF_033447385.1	81	80	1	1	82
GCF_033447395.1	81	80	1	1	82
GCF_033447415.1	81	80	1	1	82
GCF_033447445.1	81	80	1	1	82
GCF_033447465.1	81	80	1	1	82
GCF_033447495.1	81	80	1	1	82
GCF_033447505.1	81	80	1	1	82
GCF_033447565.1	81	80	1	1	82
GCF_033447605.1	81	80	1	1	82
GCF_033447645.1	81	80	1	1	82
GCF_033447665.1	81	80	1	1	82
GCF_033447685.1	81	80	1	1	82
GCF_033447695.1	81	80	1	1	82
GCF_033447745.1	81	80	1	1	82
GCF_033447755.1	81	80	1	1	82
GCF_033447825.1	81	80	1	1	82
GCF_033447845.1	81	80	1	1	82
GCF_033447865.1	81	80	1	1	82
GCF_033447905.1	81	80	1	1	82
GCF_033447925.1	81	80	1	1	82
GCF_033447945.1	81	80	1	1	82
GCF_033447965.1	81	80	1	1	82
GCF_033447985.1	81	80	1	1	82
GCF_033448005.1	81	80	1	1	82
GCF_033448025.1	81	80	1	1	82
GCF_033448045.1	81	80	1	1	82
GCF_033448065.1	81	79	2	2	83
GCF_033448085.1	81	80	1	1	82
GCF_033448105.1	81	80	1	1	82
GCF_033448125.1	81	80	1	1	82
GCF_033448145.1	81	80	1	1	82
GCF_033448165.1	81	80	1	1	82
GCF_033448185.1	81	80	1	1	82
GCF_033448215.1	81	80	1	1	82
GCF_033448245.1	81	80	1	1	82
GCF_033448265.1	81	80	1	1	82
GCF_033448285.1	81	80	1	1	82
GCF_033448305.1	81	80	1	1	82
GCF_033448325.1	81	80	1	1	82
GCF_033448345.1	81	80	1	1	82
GCF_033448365.1	81	80	1	1	82
GCF_033448385.1	81	80	1	1	82
GCF_033448405.1	81	80	1	1	82
GCF_033448425.1	81	80	1	1	82
GCF_033448445.1	81	80	1	1	82
GCF_033448465.1	81	80	1	1	82
GCF_033448485.1	81	80	1	1	82
GCF_033448505.1	81	80	1	1	82
GCF_033448525.1	81	80	1	1	82
GCF_033448545.1	81	80	1	1	82
GCF_033448555.1	81	80	1	1	82
GCF_033448585.1	81	80	1	1	82
GCF_033448605.1	81	80	1	1	82
GCF_033448625.1	81	80	1	1	82
GCF_033448645.1	81	80	1	1	82
GCF_033448665.1	81	80	1	1	82
GCF_033448685.1	81	80	1	1	82
GCF_033448705.1	81	80	1	1	82
GCF_033458845.1	81	80	1	1	82
GCF_033458905.1	81	80	1	1	82
GCF_036040035.1	81	80	1	1	82
GCF_036040095.1	81	80	1	1	82
GCF_036040135.1	81	79	2	2	83
GCF_036040195.1	81	80	1	1	82
GCF_036040205.1	81	80	1	1	82
GCF_036040255.1	81	80	1	1	82
GCF_036040395.1	81	80	1	1	82
GCF_036409375.1	81	79	2	2	83
GCF_037389125.1	81	79	2	2	83
GCF_037997135.1	81	79	2	2	83
GCF_038086615.1	81	79	2	2	83
GCF_038086725.1	81	80	1	1	82
GCF_038086915.1	81	79	2	2	83
GCF_038519165.1	81	80	1	1	82
GCF_041439435.1	81	80	1	1	82
GCF_041466445.1	81	80	1	1	82
GCF_042430005.1	81	80	1	1	82
GCF_043105905.1	81	80	1	1	82
GCF_043106595.1	81	80	1	1	82
GCF_043419485.1	81	80	1	1	82
GCF_043641185.1	81	80	1	1	82
GCF_046058925.1	81	80	1	1	82
GCF_048537445.1	81	80	1	1	82
GCF_048537455.1	81	80	1	1	82
GCF_048537465.1	81	80	1	1	82
GCF_048537505.1	81	80	1	1	82
GCF_048537515.1	81	79	2	2	83
GCF_048537525.1	81	80	1	1	82
GCF_048835935.1	81	80	1	1	82
GCF_049315015.1	81	80	1	1	82
GCF_049563835.1	81	80	1	1	82
GCF_050336695.1	81	80	1	1	82
GCF_050336715.1	81	80	1	1	82
GCF_050336815.1	81	80	1	1	82
GCF_050337005.1	81	80	1	1	82
GCF_050337045.1	81	80	1	1	82
GCF_050337655.1	81	80	1	1	82
GCF_050337795.1	81	80	1	1	82
GCF_050337985.1	81	80	1	1	82
GCF_050338095.1	81	79	1	1	81
GCF_050338335.1	81	80	1	1	82
GCF_050338375.1	81	80	1	1	82
GCF_050338475.1	81	80	1	1	82
GCF_050338655.1	81	80	1	1	82
GCF_050338715.1	81	80	1	1	82
GCF_050875365.1	81	79	2	2	83
GCF_051046865.1	81	80	1	1	82
GCF_051046875.1	81	80	1	1	82
GCF_052805155.1	81	79	2	2	83
GCF_052873695.1	81	80	1	1	82
GCF_052873755.1	81	79	2	2	83
GCF_052873815.1	81	80	1	1	82
GCF_052873895.1	81	79	2	2	83
GCF_052877355.1	81	79	2	2	83
GCF_052877375.1	81	79	2	2	83
GCF_052877475.1	81	78	3	4	85
GCF_052877815.1	81	80	1	1	82
GCF_052877935.1	81	80	1	1	82
GCF_052878195.1	81	79	2	2	83
GCF_052878215.1	81	80	1	1	82
GCF_052878295.1	81	80	1	1	82
GCF_052878335.1	81	79	2	2	83
GCF_052878375.1	81	79	2	2	83
GCF_052878815.1	81	80	1	1	82
GCF_052879315.1	81	79	2	2	83
GCF_053005025.1	81	79	1	2	82
GCF_053202905.1	81	79	2	2	83
GCF_053850225.1	81	78	3	3	84
GCF_054486505.1	81	80	1	1	82
GCF_054486525.1	81	79	2	2	83
GCF_054486545.1	81	80	1	1	82
GCF_055456455.1	81	80	1	1	82
GCF_056234105.1	81	79	1	1	81
GCF_056234175.1	81	79	1	1	81
GCF_056643155.1	81	79	2	2	83
GCF_056675655.1	81	79	2	2	83
GCF_056836685.1	81	80	1	1	82
GCF_057063665.1	81	79	2	2	83
GCF_057922655.1	81	79	2	2	83
GCF_057922685.1	81	79	2	2	83
GCF_058072825.1	81	80	1	1	82
GCF_058072835.1	81	80	1	1	82
GCF_058072865.1	81	80	1	1	82
GCF_058072885.1	81	80	1	1	82
GCF_058072895.1	81	79	2	2	83
GCF_058072915.1	81	79	2	2	83
GCF_058072945.1	81	80	1	1	82
GCF_058072955.1	81	67	13	13	93
GCF_058073005.1	81	80	1	1	82
GCF_058273185.1	81	80	1	1	82
GCF_058410825.1	81	79	2	2	83
GCF_059492265.1	81	79	2	2	83
GCF_059623475.1	81	79	2	2	83
GCF_059727865.1	81	80	1	1	82
GCF_059727875.1	81	80	1	1	82
GCF_059727885.1	81	80	1	1	82
GCF_059727895.1	81	80	1	1	82
GCF_059735745.1	81	79	2	2	83
GCF_059740845.1	81	80	1	1	82
GCF_059740915.1	81	79	2	2	83
GCF_059740945.1	81	80	1	1	82
GCF_059749295.1	81	79	2	2	83
GCF_059749375.1	81	79	2	2	83
GCF_059749395.1	81	80	1	1	82
GCF_059761285.1	81	80	1	1	82
GCF_059761325.1	81	80	1	1	82
GCF_059761345.1	81	80	1	1	82
GCF_059761365.1	81	80	1	1	82
GCF_059761385.1	81	80	1	1	82
GCF_059761395.1	81	80	1	1	82
GCF_059761425.1	81	80	1	1	82
GCF_059761445.1	81	79	2	2	83
GCF_059761455.1	81	80	1	1	82
GCF_059761485.1	81	79	2	2	83
GCF_059761505.1	81	80	1	1	82
GCF_059761525.1	81	79	2	2	83
GCF_059761545.1	81	79	2	2	83
GCF_059761565.1	81	79	2	2	83
GCF_059761585.1	81	80	1	1	82
GCF_059761605.1	81	79	2	2	83
GCF_059761625.1	81	79	2	2	83
GCF_059761645.1	81	79	2	2	83
GCF_059761665.1	81	80	1	1	82
GCF_059761705.1	81	79	2	2	83
GCF_059761725.1	81	79	2	2	83
GCF_059761745.1	81	79	2	2	83
GCF_059761755.1	81	80	1	1	82
GCF_059761785.1	81	80	1	1	82
GCF_059761805.1	81	79	2	2	83
GCF_059761825.1	81	80	1	1	82
GCF_059761845.1	81	80	1	1	82
GCF_059761855.1	81	79	2	2	83
GCF_059761885.1	81	80	1	1	82
GCF_059761905.1	81	80	1	1	82
GCF_059761915.1	81	80	1	1	82
GCF_059784805.1	81	79	2	2	83
GCF_059833865.1	81	56	3	3	62
GCF_059920555.1	81	80	1	1	82
GCF_059941365.1	81	80	1	1	82
GCF_060143805.1	81	80	1	1	82
GCF_900166965.1	81	80	1	1	82
GCF_900166975.1	81	80	1	1	82
GCF_900185565.1	81	79	2	2	83
GCF_900185615.1	81	80	1	1	82
GCF_900185625.1	81	79	2	2	83
GCF_900454585.1	81	79	2	2	83
GCF_900454595.1	81	79	2	2	83
GCF_900454675.1	81	79	2	2	83
GCF_900537155.1	81	79	2	2	83
GCF_947498665.1	81	80	1	1	82
GCF_949787665.1	81	79	2	2	83
GCF_963886165.1	81	80	1	1	82
GCF_965118505.1	81	79	2	2	83
GCF_965118525.1	81	79	2	2	83
GCF_965119175.1	81	79	2	2	83
GCF_965119195.1	81	80	1	1	82
